record_id,herb_id,record_type,question
REC-0001,HERB-0001,herb_profile,"What is ginger traditionally used for, especially when someone has nausea or digestive upset?"
REC-0001,HERB-0001,herb_profile,"Does ginger have any evidence for helping with nausea, menstrual pain, colds, or osteoarthritis?"
REC-0001,HERB-0001,herb_profile,"What side effects can happen with ginger, and what problems should make someone be careful with it?"
REC-0001,HERB-0001,herb_profile,"Can ginger interact with blood thinners, blood pressure medicine, or diabetes medication?"
REC-0001,HERB-0001,herb_profile,"How should I choose a ginger supplement in Canada, and what should I look for on the label?"
REC-0002,HERB-0001,use_case,What can ginger help with if I’m dealing with nausea or an upset stomach?
REC-0002,HERB-0001,use_case,Is ginger actually supported by research for motion sickness or pregnancy-related nausea?
REC-0002,HERB-0001,use_case,"How is ginger usually used for nausea — as food, tea, or a supplement?"
REC-0002,HERB-0001,use_case,Are there any side effects or downsides to using ginger for nausea?
REC-0002,HERB-0001,use_case,"Who should be careful with ginger, especially if they’re pregnant, have gallstones, or take blood thinner or diabetes medicines?"
REC-0003,HERB-0001,use_case,Can ginger help with menstrual cramps or period pain?
REC-0003,HERB-0001,use_case,Is ginger a reasonable natural option for pelvic cramps that feel worse with cold-type symptoms?
REC-0003,HERB-0001,use_case,What does the evidence say about ginger for reducing menstrual pain?
REC-0003,HERB-0001,use_case,How can I use ginger as a tea or in food for menstrual cramps without treating it like a medicine dose?
REC-0003,HERB-0001,use_case,"Are there any side effects or cautions with ginger, especially if I'm pregnant, having surgery soon, or taking blood thinners or diabetes medicine?"
REC-0004,HERB-0001,preparation,How is ginger usually used in cooking or as a tea instead of as a concentrated supplement?
REC-0004,HERB-0001,preparation,What should I watch out for if I get heartburn or stomach upset from ginger products?
REC-0004,HERB-0001,preparation,"Is it okay to take ginger if I'm pregnant, have gallstones, or I'm having surgery soon?"
REC-0004,HERB-0001,preparation,"Can ginger interact with blood thinners, diabetes meds, or medicines for blood pressure?"
REC-0004,HERB-0001,preparation,"What should I check on a ginger supplement label when buying one in Canada, like the NPN or product details?"
REC-0005,HERB-0001,safety_interaction,What side effects can ginger cause if I take it as a supplement?
REC-0005,HERB-0001,safety_interaction,Is ginger safe to use during pregnancy or before surgery?
REC-0005,HERB-0001,safety_interaction,"Can ginger interact with blood thinners, diabetes meds, or blood pressure medicine?"
REC-0005,HERB-0001,safety_interaction,Who should be careful with ginger because of gallstones or bleeding risk?
REC-0005,HERB-0001,safety_interaction,Is it usually okay to use ginger as food or in a mild tea instead of a concentrated product?
REC-0006,HERB-0002,herb_profile,What is Asian ginseng actually used for in traditional Chinese medicine?
REC-0006,HERB-0002,herb_profile,Does Panax ginseng have any evidence for helping with fatigue or low energy?
REC-0006,HERB-0002,herb_profile,What side effects or safety issues should I know about before taking Asian ginseng?
REC-0006,HERB-0002,herb_profile,Are there any medicines or supplements that Asian ginseng can interact with?
REC-0006,HERB-0002,herb_profile,"If I’m buying ginseng in Canada, how do I make sure I’m getting the right product?"
REC-0007,HERB-0002,use_case,What might Asian ginseng help with if someone has ongoing fatigue and low energy?
REC-0007,HERB-0002,use_case,"Is there any real evidence that Panax ginseng can improve general tiredness, or is it mostly traditional use?"
REC-0007,HERB-0002,use_case,What kind of fatigue was ginseng traditionally used for in Chinese medicine?
REC-0007,HERB-0002,use_case,"Are there any health problems that should be checked before trying ginseng for exhaustion, like thyroid issues or anemia?"
REC-0007,HERB-0002,use_case,What side effects or medication interactions should I watch for with Asian ginseng?
REC-0008,HERB-0002,use_case,Could Asian ginseng help with blood sugar control in type 2 diabetes?
REC-0008,HERB-0002,use_case,What do traditional Chinese medicine sources say about using ginseng for thirst or weakness linked to deficiency?
REC-0008,HERB-0002,use_case,Is there good clinical evidence that Panax ginseng can support metabolic health or lower glucose?
REC-0008,HERB-0002,use_case,What side effects or safety issues should I know about if I'm considering Asian ginseng for diabetes support?
REC-0008,HERB-0002,use_case,"Can Asian ginseng interact with diabetes medicines, warfarin, or stimulants?"
REC-0009,HERB-0002,preparation,How should I use Asian ginseng if I want to buy a licensed product or a practitioner formula?
REC-0009,HERB-0002,preparation,"What should I check when buying Panax ginseng in Canada, like whether it has an NPN or the right root extract?"
REC-0009,HERB-0002,preparation,What are the main differences between taking Asian ginseng as an extract versus another preparation form?
REC-0009,HERB-0002,preparation,"Is Asian ginseng the kind of herb people use for fatigue, weakness, or poor appetite?"
REC-0009,HERB-0002,preparation,"What safety issues should I know about with Asian ginseng, especially if I have diabetes, take warfarin, or am pregnant?"
REC-0010,HERB-0002,safety_interaction,"What side effects can Asian ginseng cause, like trouble sleeping or changes in blood sugar or blood pressure?"
REC-0010,HERB-0002,safety_interaction,Is Asian ginseng safe to use during pregnancy or if someone has an autoimmune condition or a bleeding disorder?
REC-0010,HERB-0002,safety_interaction,"Which medicines can Asian ginseng interact with, such as warfarin, diabetes drugs, stimulants, or MAO inhibitors?"
REC-0010,HERB-0002,safety_interaction,"Should people with diabetes, mania, or long-term use concerns be careful with Panax ginseng?"
REC-0010,HERB-0002,safety_interaction,What should I check when buying Asian ginseng in Canada to make sure it’s the right product?
REC-0011,HERB-0003,herb_profile,What is Astragalus (Huang Qi) usually used for in traditional Chinese medicine?
REC-0011,HERB-0003,herb_profile,"Is there any modern research on Astragalus for things like fatigue or recovery, and how strong is the evidence?"
REC-0011,HERB-0003,herb_profile,What side effects or safety issues should I know about before using Astragalus?
REC-0011,HERB-0003,herb_profile,"Who should avoid taking Astragalus, especially if they have autoimmune disease, are pregnant, or take immune-suppressing medicines?"
REC-0011,HERB-0003,herb_profile,"If I’m buying Astragalus in Canada, what should I look for on the label to make sure it’s a legitimate product?"
REC-0012,HERB-0003,use_case,"What herbs are traditionally used for ongoing fatigue and low energy, like Astragalus?"
REC-0012,HERB-0003,use_case,"Could Astragalus help with weakness and poor recovery, or is there good evidence for that?"
REC-0012,HERB-0003,use_case,"I keep feeling tired all the time — is Astragalus something to try, or should that be checked by a doctor first?"
REC-0012,HERB-0003,use_case,"What kinds of traditional Chinese medicine patterns is Huang Qi used for, like qi deficiency or spontaneous sweating?"
REC-0012,HERB-0003,use_case,"Are there any safety concerns with Astragalus if someone has an autoimmune condition, is pregnant, or takes immunosuppressants?"
REC-0013,HERB-0003,use_case,What is Astragalus traditionally used for if someone keeps getting respiratory infections or colds a lot?
REC-0013,HERB-0003,use_case,"Does astragalus actually help prevent common colds, or is the evidence still weak?"
REC-0013,HERB-0003,use_case,"Who should avoid taking astragalus without medical advice, especially if they have autoimmune disease or had a transplant?"
REC-0013,HERB-0003,use_case,Can astragalus interact with immunosuppressant or other immune-related medicines?
REC-0013,HERB-0003,use_case,"If I want to buy astragalus in Canada, what should I check on the product label or listing to make sure it’s a legitimate licensed product?"
REC-0014,HERB-0003,preparation,"How is astragalus usually prepared or used in practice, like as a tea, decoction, extract, or in food?"
REC-0014,HERB-0003,preparation,"What should I check when buying astragalus in Canada, especially if I want a licensed product?"
REC-0014,HERB-0003,preparation,"Is it safe to use Huang Qi on my own, or should I talk to a clinician or pharmacist first?"
REC-0014,HERB-0003,preparation,"What are the main cautions for astragalus if someone is pregnant, has an autoimmune condition, or has had a transplant?"
REC-0014,HERB-0003,preparation,Can astragalus interact with immunosuppressants or other immune-modifying medicines?
REC-0015,HERB-0003,safety_interaction,"What side effects or problems can happen with astragalus, like stomach upset or allergies?"
REC-0015,HERB-0003,safety_interaction,Is astragalus safe to use if someone has an autoimmune disease or has had a transplant?
REC-0015,HERB-0003,safety_interaction,"Can you take astragalus during pregnancy, or should it be avoided?"
REC-0015,HERB-0003,safety_interaction,Does astragalus interact with immunosuppressant drugs or other medicines that affect the immune system?
REC-0015,HERB-0003,safety_interaction,"How should I choose a safe astragalus product in Canada, and what should I check on the label?"
REC-0016,HERB-0004,herb_profile,What is Chinese licorice usually used for in traditional Chinese medicine?
REC-0016,HERB-0004,herb_profile,"Is there any modern evidence for licorice root, and what kind of safety concerns are there?"
REC-0016,HERB-0004,herb_profile,Who should avoid Chinese licorice or get medical advice before using it?
REC-0016,HERB-0004,herb_profile,"Can Chinese licorice interact with medicines like diuretics, digoxin, or blood pressure drugs?"
REC-0016,HERB-0004,herb_profile,"If I'm buying licorice in Canada, what should I look for on the label or product information?"
REC-0017,HERB-0004,use_case,What could help soothe a sore throat or throat irritation if I’m looking at Chinese licorice?
REC-0017,HERB-0004,use_case,Is Chinese licorice traditionally used for hoarseness or cough-related throat discomfort?
REC-0017,HERB-0004,use_case,What does the modern evidence say about licorice for easing oral or throat irritation?
REC-0017,HERB-0004,use_case,"Are there any people who should avoid using Chinese licorice, like those with high blood pressure, heart problems, or during pregnancy?"
REC-0017,HERB-0004,use_case,"Can Chinese licorice interact with medicines like diuretics, digoxin, corticosteroids, or blood pressure drugs?"
REC-0018,HERB-0004,use_case,Can Chinese licorice help with a cough or dry cough?
REC-0018,HERB-0004,use_case,What does Chinese licorice do in traditional Chinese medicine for coughs and throat irritation?
REC-0018,HERB-0004,use_case,Is there good modern evidence that licorice root works on its own for coughing?
REC-0018,HERB-0004,use_case,Why shouldn’t I use licorice tea every day for cough relief?
REC-0018,HERB-0004,use_case,"Who should avoid Chinese licorice, and what medicines can it interact with?"
REC-0019,HERB-0004,preparation,"Can I drink Chinese licorice tea every day, or is that not a good idea for self-care?"
REC-0019,HERB-0004,preparation,How is deglycyrrhizinated licorice different from regular licorice root preparations?
REC-0019,HERB-0004,preparation,"What should I watch out for if I’m using Chinese licorice and have high blood pressure, heart disease, or kidney problems?"
REC-0019,HERB-0004,preparation,"Does Chinese licorice interact with medicines like diuretics, digoxin, corticosteroids, or blood pressure drugs?"
REC-0019,HERB-0004,preparation,"If I’m buying Chinese licorice in Canada, what should I check to make sure it’s an appropriate and authorized product?"
REC-0020,HERB-0004,safety_interaction,What side effects can Chinese licorice cause if someone takes it medicinally?
REC-0020,HERB-0004,safety_interaction,"Who should avoid licorice root or get medical advice first, especially if they have health problems or are pregnant?"
REC-0020,HERB-0004,safety_interaction,What medicines can Chinese licorice interact with?
REC-0020,HERB-0004,safety_interaction,"Is it safe to drink licorice tea every day for self-treatment, or is a different preparation used instead?"
REC-0020,HERB-0004,safety_interaction,"What should I check when buying Chinese licorice products in Canada, like labels or authorization?"
REC-0021,HERB-0005,herb_profile,"What is dong quai, and what plant part is used medicinally?"
REC-0021,HERB-0005,herb_profile,What has dong quai traditionally been used for in Chinese medicine?
REC-0021,HERB-0005,herb_profile,Is there strong modern evidence that dong quai works for the uses people promote it for?
REC-0021,HERB-0005,herb_profile,What side effects or safety concerns should I know about with dong quai?
REC-0021,HERB-0005,herb_profile,How do I make sure I’m buying the right dong quai product in Canada?
REC-0022,HERB-0005,use_case,Could dong quai help with menstrual cramps or pelvic discomfort?
REC-0022,HERB-0005,use_case,Why is dong quai traditionally used for irregular periods or menstrual discomfort?
REC-0022,HERB-0005,use_case,What does the evidence say about dong quai on its own for menstrual symptoms?
REC-0022,HERB-0005,use_case,"Are there any safety concerns with dong quai, especially if someone has heavy bleeding or might be pregnant?"
REC-0022,HERB-0005,use_case,Can dong quai interact with blood thinners like warfarin or other anticoagulant medicines?
REC-0023,HERB-0005,use_case,Could dong quai help with menopausal symptoms like hot flashes or night sweats?
REC-0023,HERB-0005,use_case,"Is dong quai actually effective on its own for menopause, or is the evidence still weak?"
REC-0023,HERB-0005,use_case,What did traditional Chinese medicine use dong quai for when it came to menopause or menstrual imbalance?
REC-0023,HERB-0005,use_case,Are there any safety concerns with using dong quai if someone has hormone-sensitive issues or unexplained bleeding?
REC-0023,HERB-0005,use_case,Does dong quai interact with blood thinners like warfarin or other anticoagulant medicines?
REC-0024,HERB-0005,preparation,"How is Dong quai usually prepared or used in formulas, like as a tea, decoction, food, or extract?"
REC-0024,HERB-0005,preparation,What should I know about buying Dong quai in Canada so I get the right product and not a lookalike angelica species?
REC-0024,HERB-0005,preparation,"Is Dong quai something I can safely use on my own, or should it only be used with guidance from a practitioner?"
REC-0024,HERB-0005,preparation,"What side effects or safety issues can happen with Dong quai, especially things like bleeding risk or photosensitivity?"
REC-0024,HERB-0005,preparation,"Who should avoid Dong quai, or be extra careful with it, such as people who are pregnant, breastfeeding, or taking blood thinners?"
REC-0025,HERB-0005,safety_interaction,What side effects or bad reactions can dong quai cause?
REC-0025,HERB-0005,safety_interaction,Is dong quai safe to use during pregnancy or while breastfeeding?
REC-0025,HERB-0005,safety_interaction,Does dong quai interact with blood thinners like warfarin or other clotting medicines?
REC-0025,HERB-0005,safety_interaction,Should people with hormone-sensitive conditions be careful with dong quai?
REC-0025,HERB-0005,safety_interaction,How do I make sure I’m buying the right dong quai product in Canada?
REC-0026,HERB-0006,herb_profile,What is goji berry usually used for in traditional Chinese medicine or as a food remedy?
REC-0026,HERB-0006,herb_profile,Is there any solid modern evidence that goji berry helps prevent or treat chronic disease?
REC-0026,HERB-0006,herb_profile,What side effects or safety concerns should I know about before using goji berry?
REC-0026,HERB-0006,herb_profile,Can goji berry interact with warfarin or medicines for blood sugar and blood pressure?
REC-0026,HERB-0006,herb_profile,What should I look for when buying dried goji berries or goji extract in Canada?
REC-0027,HERB-0006,use_case,What might goji berry be used for if someone is feeling tired or weak all the time?
REC-0027,HERB-0006,use_case,Is there any evidence that goji berry can improve overall wellbeing or help with aging-related fatigue?
REC-0027,HERB-0006,use_case,How is goji berry traditionally viewed in Chinese medicine for supporting the body?
REC-0027,HERB-0006,use_case,Can goji berry be used as a food in soup or porridge instead of as a medicine?
REC-0027,HERB-0006,use_case,"Are there any safety issues or drug interactions I should know about before using goji berry, especially with warfarin or blood sugar medicines?"
REC-0028,HERB-0006,use_case,Can goji berry help with dry eyes or eye strain?
REC-0028,HERB-0006,use_case,What is goji berry traditionally used for when it comes to vision problems?
REC-0028,HERB-0006,use_case,Is there any solid modern evidence that goji berry works for eye discomfort or eye disease?
REC-0028,HERB-0006,use_case,"Are there any safety concerns or medication interactions with goji berry, especially with warfarin or blood pressure medicines?"
REC-0028,HERB-0006,use_case,"How is goji berry usually used in food or tea, and what should I check when buying it in Canada?"
REC-0029,HERB-0006,preparation,"How do people usually use goji berries in food or drinks like soup, porridge, or tea?"
REC-0029,HERB-0006,preparation,"What should I know about buying goji berries in Canada, especially if I want dried fruit or an extract?"
REC-0029,HERB-0006,preparation,Is culinary use of goji berry different from using it as a medicinal product?
REC-0029,HERB-0006,preparation,"Are there any safety issues or side effects with goji berry, like allergies or stomach upset?"
REC-0029,HERB-0006,preparation,Can goji berry interact with medicines such as warfarin or blood sugar and blood pressure drugs?
REC-0030,HERB-0006,safety_interaction,Is goji berry safe to use if someone is taking warfarin?
REC-0030,HERB-0006,safety_interaction,What side effects can goji berry cause?
REC-0030,HERB-0006,safety_interaction,Should people with bleeding risk or who are pregnant be careful with goji berry?
REC-0030,HERB-0006,safety_interaction,Can goji berry affect blood sugar or blood pressure medicines?
REC-0030,HERB-0006,safety_interaction,What should I check when buying dried goji berries or goji extracts in Canada?
REC-0031,HERB-0007,herb_profile,"What is turmeric traditionally used for, especially in Chinese and South Asian medicine?"
REC-0031,HERB-0007,herb_profile,Is there any real evidence that turmeric helps with knee osteoarthritis or other health problems?
REC-0031,HERB-0007,herb_profile,"What side effects or stomach issues can turmeric cause, and are there any serious safety concerns?"
REC-0031,HERB-0007,herb_profile,"Who should be careful with turmeric, like people with liver or gallbladder problems, or if someone is pregnant or having surgery?"
REC-0031,HERB-0007,herb_profile,"What should I look for when buying a turmeric supplement in Canada, and how is that different from using it as a cooking spice?"
REC-0032,HERB-0007,use_case,Can turmeric help with knee osteoarthritis pain or joint stiffness?
REC-0032,HERB-0007,use_case,What’s the traditional Chinese or South Asian use of turmeric for painful joints?
REC-0032,HERB-0007,use_case,How strong is the evidence that turmeric can ease osteoarthritis knee pain?
REC-0032,HERB-0007,use_case,"Are there any side effects or safety concerns with turmeric supplements, especially concentrated ones?"
REC-0032,HERB-0007,use_case,"Who should be careful about using turmeric if they have liver or gallbladder problems, are pregnant, or take blood thinners or diabetes medicines?"
REC-0033,HERB-0007,use_case,"Can turmeric help with indigestion or bloating, or is the evidence for that pretty limited?"
REC-0033,HERB-0007,use_case,What digestive problems is turmeric traditionally used for in Chinese and South Asian medicine?
REC-0033,HERB-0007,use_case,Could turmeric make acid reflux worse for some people?
REC-0033,HERB-0007,use_case,"What side effects can turmeric cause, especially if you use concentrated supplements instead of cooking spice?"
REC-0033,HERB-0007,use_case,Are there any health conditions or medicines that make turmeric a bad idea to use?
REC-0034,HERB-0007,preparation,"How is turmeric usually best used in cooking or food prep, and is that different from taking curcumin supplements?"
REC-0034,HERB-0007,preparation,What should I look for when buying a turmeric supplement in Canada to make sure it's legit and safe?
REC-0034,HERB-0007,preparation,Can turmeric cause side effects like stomach upset or reflux if I take it as a supplement?
REC-0034,HERB-0007,preparation,"Who should be careful with turmeric, especially if they have liver or gallbladder issues or are pregnant?"
REC-0034,HERB-0007,preparation,Does turmeric interact with blood thinners or diabetes medicines?
REC-0035,HERB-0007,safety_interaction,What side effects can turmeric cause if someone takes it as a supplement?
REC-0035,HERB-0007,safety_interaction,"Who should be careful or avoid using turmeric, especially if they have liver or gallbladder problems?"
REC-0035,HERB-0007,safety_interaction,Can turmeric interact with blood thinners or diabetes medicines?
REC-0035,HERB-0007,safety_interaction,Is turmeric safe to use during pregnancy or before surgery?
REC-0035,HERB-0007,safety_interaction,What’s the difference between using turmeric as a cooking spice and taking a concentrated curcumin supplement?
REC-0036,HERB-0008,herb_profile,What is garlic traditionally used for in herbal or food-based medicine?
REC-0036,HERB-0008,herb_profile,Does garlic have any evidence for helping with cholesterol or blood pressure?
REC-0036,HERB-0008,herb_profile,"Is garlic supposed to help prevent colds, or is the evidence weak?"
REC-0036,HERB-0008,herb_profile,"What side effects or safety concerns can come with garlic, especially when using supplements?"
REC-0036,HERB-0008,herb_profile,What should I know before buying a garlic supplement in Canada?
REC-0037,HERB-0008,use_case,"Can garlic actually help lower LDL cholesterol or improve lipids, or is the effect only small?"
REC-0037,HERB-0008,use_case,Is garlic used for anything related to circulation or heart health in traditional medicine?
REC-0037,HERB-0008,use_case,"If I'm trying to support cholesterol with garlic, is it better to use it in food or take a supplement?"
REC-0037,HERB-0008,use_case,What side effects or risks should I know about if I use garlic for cardiovascular support?
REC-0037,HERB-0008,use_case,"Are there any medicines or situations where garlic could be unsafe, like before surgery or with blood thinners?"
REC-0038,HERB-0008,use_case,"Can garlic help prevent a common cold, or is the evidence still pretty weak?"
REC-0038,HERB-0008,use_case,How is garlic traditionally used when people have respiratory illnesses like a cold or upper respiratory infection?
REC-0038,HERB-0008,use_case,"If I want to use garlic for cold prevention, should I just use it in food or is there a special preparation that's better?"
REC-0038,HERB-0008,use_case,"What side effects or safety issues should I know about before using garlic, especially if I bruise easily or am having surgery soon?"
REC-0038,HERB-0008,use_case,Can garlic supplements interact with blood thinners or blood pressure medicines?
REC-0039,HERB-0008,preparation,How should garlic be used in cooking if I want the safer traditional food use?
REC-0039,HERB-0008,preparation,"Is it okay to put raw garlic directly on the skin, or can that cause burns?"
REC-0039,HERB-0008,preparation,"What side effects can happen with garlic, especially if it’s used in concentrated forms or supplements?"
REC-0039,HERB-0008,preparation,Who should be careful with garlic before surgery or if they have a bleeding disorder?
REC-0039,HERB-0008,preparation,"When buying a garlic supplement in Canada, what should I check to make sure it’s an authorized product?"
REC-0040,HERB-0008,safety_interaction,What side effects or problems can happen with garlic supplements or medicinal use?
REC-0040,HERB-0008,safety_interaction,Is garlic safe to take if someone is about to have surgery or has a bleeding disorder?
REC-0040,HERB-0008,safety_interaction,"Which medicines can interact with garlic, especially blood thinners or antiplatelet drugs?"
REC-0040,HERB-0008,safety_interaction,"Can raw garlic be used on the skin, or can it cause burns?"
REC-0040,HERB-0008,safety_interaction,Is eating garlic in food generally safer than using concentrated garlic products?
REC-0041,HERB-0009,herb_profile,What is green tea traditionally used for besides just being a drink?
REC-0041,HERB-0009,herb_profile,Is there any real evidence that green tea helps with things like cholesterol or other health claims?
REC-0041,HERB-0009,herb_profile,What side effects can green tea or green tea extract cause?
REC-0041,HERB-0009,herb_profile,"Who should be careful with green tea, especially if they have caffeine sensitivity, liver problems, are pregnant, or have iron deficiency?"
REC-0041,HERB-0009,herb_profile,What should I look for when buying green tea or a green tea extract in Canada?
REC-0042,HERB-0009,use_case,Can green tea help with feeling tired or having trouble staying alert?
REC-0042,HERB-0009,use_case,Is green tea good for improving concentration in the short term?
REC-0042,HERB-0009,use_case,What should I watch out for if I drink green tea and it makes me anxious or affects my sleep?
REC-0042,HERB-0009,use_case,"Is brewed green tea safer than green tea extract, and why?"
REC-0042,HERB-0009,use_case,Are there any medicines or health conditions that mean I should be careful with green tea?
REC-0043,HERB-0009,use_case,Can green tea help lower LDL cholesterol or improve blood lipids?
REC-0043,HERB-0009,use_case,"Is there any evidence that green tea supports cardiovascular health, or is it just a traditional use?"
REC-0043,HERB-0009,use_case,Should I use brewed green tea or a green tea extract if I'm looking for cholesterol support?
REC-0043,HERB-0009,use_case,"What side effects can happen with green tea, especially from concentrated extracts?"
REC-0043,HERB-0009,use_case,"Who should be careful with green tea because of caffeine, liver issues, pregnancy, iron deficiency, or medicine interactions?"
REC-0044,HERB-0009,preparation,What's the safest way to use green tea if I want it as a drink rather than an extract?
REC-0044,HERB-0009,preparation,How is brewed green tea different from green tea extract in terms of safety and effects?
REC-0044,HERB-0009,preparation,"What side effects should I watch for with green tea, especially if I use concentrated extracts?"
REC-0044,HERB-0009,preparation,"Who should be careful with green tea because of things like caffeine sensitivity, liver problems, pregnancy, or low iron?"
REC-0044,HERB-0009,preparation,"If I'm buying green tea or a green tea supplement in Canada, what should I check on the label or product listing?"
REC-0045,HERB-0009,safety_interaction,"What side effects or problems can green tea cause, especially if it’s taken as an extract?"
REC-0045,HERB-0009,safety_interaction,"Who should be careful about using green tea, like people with liver disease, pregnancy, caffeine sensitivity, or iron deficiency?"
REC-0045,HERB-0009,safety_interaction,"Can green tea interact with medicines such as warfarin, nadolol, or stimulants?"
REC-0045,HERB-0009,safety_interaction,Is brewed green tea considered safer than concentrated green tea extracts for regular use?
REC-0045,HERB-0009,safety_interaction,What should I check when buying green tea or a green tea extract in Canada?
REC-0046,HERB-0010,herb_profile,"What is peppermint usually used for in herbal practice, especially for digestion or IBS?"
REC-0046,HERB-0010,herb_profile,"Does peppermint oil actually help with irritable bowel syndrome, and what does the evidence say about it?"
REC-0046,HERB-0010,herb_profile,"Are there any safety concerns with peppermint, like reflux, heartburn, or using the essential oil the wrong way?"
REC-0046,HERB-0010,herb_profile,"Who should be careful or avoid peppermint products, especially if they have reflux, a hiatal hernia, gallbladder problems, or are giving it to infants?"
REC-0046,HERB-0010,herb_profile,"How can I tell if I'm buying the right kind of peppermint product, like tea, enteric-coated capsules, or essential oil, especially in Canada?"
REC-0047,HERB-0010,use_case,Can peppermint help with IBS symptoms like belly pain and bloating?
REC-0047,HERB-0010,use_case,Is peppermint oil actually supported by clinical evidence for irritable bowel syndrome?
REC-0047,HERB-0010,use_case,What kind of peppermint preparation is safest to use for digestive discomfort?
REC-0047,HERB-0010,use_case,"Who should be careful about using peppermint if they have reflux, a hiatal hernia, or gallbladder problems?"
REC-0047,HERB-0010,use_case,Are there any medicine interactions or side effects I should know about before trying peppermint for IBS?
REC-0048,HERB-0010,use_case,What can peppermint be used for if I'm looking for something to help with congestion or a sore throat?
REC-0048,HERB-0010,use_case,"Does peppermint actually help a cold, or is it mostly just giving a cooling feeling?"
REC-0048,HERB-0010,use_case,How is peppermint traditionally used for head and throat symptoms in heat-type patterns?
REC-0048,HERB-0010,use_case,Is peppermint tea safer than peppermint oil for everyday self-care?
REC-0048,HERB-0010,use_case,"What should I watch out for with peppermint if I have reflux, a hiatal hernia, or gallbladder problems?"
REC-0049,HERB-0010,preparation,How is peppermint usually prepared if I just want a mild tea for comfort?
REC-0049,HERB-0010,preparation,"What’s the difference between peppermint leaf tea, enteric-coated oil, and essential oil?"
REC-0049,HERB-0010,preparation,Can peppermint essential oil be swallowed or put on the skin without diluting it?
REC-0049,HERB-0010,preparation,"What side effects or problems can peppermint cause, especially with reflux or heartburn?"
REC-0049,HERB-0010,preparation,"If I’m buying peppermint products in Canada, what should I check to make sure I’m getting the right one?"
REC-0050,HERB-0010,safety_interaction,What are the main side effects or bad reactions people can get from peppermint oil or peppermint products?
REC-0050,HERB-0010,safety_interaction,"Who should be careful about using peppermint, especially if they have reflux, a hiatal hernia, gallbladder problems, or are giving it to infants?"
REC-0050,HERB-0010,safety_interaction,Can peppermint interact with antacids or acid-reducing medicines?
REC-0050,HERB-0010,safety_interaction,Is it safe to swallow peppermint essential oil or use it on the skin without diluting it?
REC-0050,HERB-0010,safety_interaction,"How do leaf tea, enteric-coated peppermint oil, and peppermint essential oil differ in terms of safety and intended use?"
REC-0051,HERB-0011,herb_profile,What is chamomile usually used for in herbal practice?
REC-0051,HERB-0011,herb_profile,Can chamomile tea help with anxiety or sleep problems?
REC-0051,HERB-0011,herb_profile,What side effects or allergy issues can chamomile cause?
REC-0051,HERB-0011,herb_profile,Is chamomile safe to use during pregnancy or before surgery?
REC-0051,HERB-0011,herb_profile,What should I look for when buying chamomile in Canada?
REC-0052,HERB-0011,use_case,Can chamomile tea help if I'm having trouble falling asleep or feeling restless at bedtime?
REC-0052,HERB-0011,use_case,What does the evidence say about chamomile for insomnia or sleep problems?
REC-0052,HERB-0011,use_case,Is chamomile traditionally used as a calming tea for sleep difficulty?
REC-0052,HERB-0011,use_case,Are there any side effects or allergy concerns with using chamomile for sleep?
REC-0052,HERB-0011,use_case,"Who should be careful about using chamomile, especially if they have ragweed allergy, are pregnant, or are having surgery?"
REC-0053,HERB-0011,use_case,Can chamomile help with mild anxiety or nervous tension?
REC-0053,HERB-0011,use_case,"Is chamomile tea used for stress, restlessness, or trouble sleeping?"
REC-0053,HERB-0011,use_case,"What does the evidence say about chamomile for anxiety, and is it strong enough for serious anxiety disorders?"
REC-0053,HERB-0011,use_case,"Are there any safety concerns with chamomile if someone has a ragweed allergy, is pregnant, or is having surgery?"
REC-0053,HERB-0011,use_case,"Can chamomile interact with sedatives, alcohol, warfarin, or other medicines that slow the nervous system?"
REC-0054,HERB-0011,preparation,How should I use chamomile tea if I want to buy a ready-made product instead of making my own extract?
REC-0054,HERB-0011,preparation,"What should I look for when buying chamomile in Canada, especially if I want a medicinal product with an NPN?"
REC-0054,HERB-0011,preparation,Is chamomile tea different from a concentrated extract in terms of safety or exposure?
REC-0054,HERB-0011,preparation,"Who should be careful with chamomile because of allergies, pregnancy, or surgery?"
REC-0054,HERB-0011,preparation,"Can chamomile interact with warfarin, sedatives, or alcohol?"
REC-0055,HERB-0011,safety_interaction,What side effects or allergic reactions can happen with chamomile tea or products?
REC-0055,HERB-0011,safety_interaction,Is chamomile safe to use if someone has a severe ragweed allergy?
REC-0055,HERB-0011,safety_interaction,"Can chamomile interact with warfarin, sedatives, or alcohol?"
REC-0055,HERB-0011,safety_interaction,Should you avoid chamomile during pregnancy or before surgery?
REC-0055,HERB-0011,safety_interaction,"Is short-term chamomile tea use generally lower risk for adults, and when is self-use not a good idea?"
REC-0056,HERB-0012,herb_profile,What is valerian usually used for in herbal medicine?
REC-0056,HERB-0012,herb_profile,"Does valerian actually work for insomnia, or is the evidence mixed?"
REC-0056,HERB-0012,herb_profile,What side effects can happen with valerian root?
REC-0056,HERB-0012,herb_profile,"Are there any important safety warnings with valerian, like driving or pregnancy?"
REC-0056,HERB-0012,herb_profile,What should I look for when buying valerian tea or an extract in Canada?
REC-0057,HERB-0012,use_case,"Can valerian help with insomnia or trouble falling asleep, and what does the evidence say?"
REC-0057,HERB-0012,use_case,Is valerian used for sleep maintenance problems or poor sleep in traditional herbal practice?
REC-0057,HERB-0012,use_case,What side effects can valerian cause if someone takes it for sleep?
REC-0057,HERB-0012,use_case,"What medicines or substances should not be mixed with valerian, like alcohol or sleep meds?"
REC-0057,HERB-0012,use_case,"Are there any situations where valerian for insomnia is not a good idea, such as pregnancy, driving, or before anesthesia?"
REC-0058,HERB-0012,use_case,What might valerian help with if someone is dealing with nervous tension or feeling restless?
REC-0058,HERB-0012,use_case,"Is there any evidence that valerian can help with stress or mild anxiety, or is the research still limited?"
REC-0058,HERB-0012,use_case,"What side effects can happen with valerian, like drowsiness, dizziness, or vivid dreams?"
REC-0058,HERB-0012,use_case,"Are there any medicines or substances I should avoid mixing with valerian, like alcohol or sleep medications?"
REC-0058,HERB-0012,use_case,"What should I watch for if I want to use a valerian tea or extract safely, especially if I need to drive or have surgery soon?"
REC-0059,HERB-0012,preparation,What kind of valerian product should I look for if I want a tea or extract for sleep support?
REC-0059,HERB-0012,preparation,How do I know if a valerian supplement is properly labeled and authorized in Canada?
REC-0059,HERB-0012,preparation,Is it safe to combine valerian with alcohol or other sleep medications?
REC-0059,HERB-0012,preparation,"What side effects can valerian cause, like drowsiness or vivid dreams?"
REC-0059,HERB-0012,preparation,"Are there any situations where I should avoid using valerian, such as before surgery or during pregnancy?"
REC-0060,HERB-0012,safety_interaction,"What side effects can valerian cause, like drowsiness or vivid dreams?"
REC-0060,HERB-0012,safety_interaction,Are there any medicines or substances that shouldn't be mixed with valerian?
REC-0060,HERB-0012,safety_interaction,Is valerian safe to use during pregnancy or before surgery?
REC-0060,HERB-0012,safety_interaction,"Can I drive after taking valerian, or does it affect alertness?"
REC-0060,HERB-0012,safety_interaction,How do I know if a valerian tea or extract product is a safe one to buy in Canada?
REC-0061,HERB-0013,herb_profile,"What is passionflower usually used for in Western herbal practice, like anxiety or trouble sleeping?"
REC-0061,HERB-0013,herb_profile,Does passionflower actually have any evidence behind it for helping with sleep or anxiety?
REC-0061,HERB-0013,herb_profile,"What side effects can happen with passionflower, and are there times you should avoid using it?"
REC-0061,HERB-0013,herb_profile,"Can passionflower interact with alcohol, sleeping pills, benzodiazepines, opioids, or anesthesia?"
REC-0061,HERB-0013,herb_profile,"If I’m buying passionflower in Canada, what should I check on the label or product info?"
REC-0062,HERB-0013,use_case,What can help with mild anxiety and nervous tension from the herbal side?
REC-0062,HERB-0013,use_case,"Is passionflower used for stress, restlessness, or trouble sleeping?"
REC-0062,HERB-0013,use_case,How good is the evidence that passionflower may ease anxiety?
REC-0062,HERB-0013,use_case,"What side effects should I watch for if I take passionflower, like drowsiness or dizziness?"
REC-0062,HERB-0013,use_case,"Are there any safety concerns with passionflower during pregnancy, before surgery, or if I'm taking sedatives or alcohol?"
REC-0063,HERB-0013,use_case,Could passionflower help with insomnia or trouble sleeping at night?
REC-0063,HERB-0013,use_case,What is passionflower traditionally used for if someone is restless or has sleep problems?
REC-0063,HERB-0013,use_case,Is there any real evidence that passionflower improves sleep quality?
REC-0063,HERB-0013,use_case,"What side effects should I watch for if I try passionflower, like drowsiness or dizziness?"
REC-0063,HERB-0013,use_case,"Are there any safety concerns or interactions with passionflower, especially with alcohol, sleep meds, pregnancy, driving, or surgery?"
REC-0064,HERB-0013,preparation,How should I choose a passionflower tea or extract if I want a single-ingredient product rather than a blend?
REC-0064,HERB-0013,preparation,What should I check on a Canadian passionflower supplement label to make sure it's the right product?
REC-0064,HERB-0013,preparation,Can passionflower cause drowsiness or other side effects like dizziness or confusion?
REC-0064,HERB-0013,preparation,"Is it safe to use passionflower if I'm pregnant, driving, or having surgery soon?"
REC-0064,HERB-0013,preparation,What medicines or substances can interact badly with passionflower and make sedation worse?
REC-0065,HERB-0013,safety_interaction,"What side effects can happen with passionflower, like if it makes you sleepy or dizzy?"
REC-0065,HERB-0013,safety_interaction,Is it safe to use passionflower during pregnancy or before surgery?
REC-0065,HERB-0013,safety_interaction,"Can passionflower interact with alcohol, sleep meds, benzodiazepines, opioids, or anesthetics?"
REC-0065,HERB-0013,safety_interaction,Would passionflower be a bad idea if I need to drive or use machinery afterward?
REC-0065,HERB-0013,safety_interaction,What should I check on a passionflower product bought in Canada to make sure it’s the right one?
REC-0066,HERB-0014,herb_profile,"What is lavender usually used for in herbal practice, like stress, anxiety, or sleep support?"
REC-0066,HERB-0014,herb_profile,Is there any evidence that lavender actually helps with anxiety or sleep problems?
REC-0066,HERB-0014,herb_profile,"What forms of lavender are typically used, and how do aromatherapy, tea, and oral products differ?"
REC-0066,HERB-0014,herb_profile,What side effects or safety issues can happen with lavender or lavender essential oil?
REC-0066,HERB-0014,herb_profile,"What should I look for when buying lavender products in Canada, especially if I want to make sure it's a legitimate medicinal product?"
REC-0067,HERB-0014,use_case,What can lavender be used for if I’m dealing with mild anxiety or feeling tense and restless?
REC-0067,HERB-0014,use_case,"Does lavender actually help with stress or anxiety, and how strong is the evidence for it?"
REC-0067,HERB-0014,use_case,Is lavender good for calming or sleep support in aromatherapy or herbal practice?
REC-0067,HERB-0014,use_case,"What side effects or safety issues should I know about with lavender, especially the essential oil?"
REC-0067,HERB-0014,use_case,"Can lavender interact with alcohol or sedative medicines, or make me too drowsy to drive?"
REC-0068,HERB-0014,use_case,Can lavender help with sleep problems or insomnia?
REC-0068,HERB-0014,use_case,Is lavender used for relaxation or as part of a bedtime routine?
REC-0068,HERB-0014,use_case,What does the evidence say about lavender for improving sleep quality?
REC-0068,HERB-0014,use_case,"Should lavender be used on its own for chronic insomnia, or just as a support along with good sleep habits?"
REC-0068,HERB-0014,use_case,"Are there any safety concerns with lavender if I get sleepy from it, or if I’m taking alcohol or sedative medications?"
REC-0069,HERB-0014,preparation,How should I use lavender oil for aromatherapy without swallowing it by mistake?
REC-0069,HERB-0014,preparation,"What’s the safest way to tell if a lavender product is meant for tea, inhalation, or oral use?"
REC-0069,HERB-0014,preparation,"What should I check when buying lavender in Canada, especially if I want a medicinal product?"
REC-0069,HERB-0014,preparation,"Can lavender cause side effects like drowsiness or skin irritation, and who should be careful with it?"
REC-0069,HERB-0014,preparation,"Is it safe to take lavender with alcohol or sedative medicines, or before driving?"
REC-0070,HERB-0014,safety_interaction,"Is lavender essential oil safe to swallow, or can it be toxic if taken by mouth?"
REC-0070,HERB-0014,safety_interaction,What side effects or allergic reactions can happen with lavender?
REC-0070,HERB-0014,safety_interaction,Can lavender make you sleepy or interact with alcohol or sedative medications?
REC-0070,HERB-0014,safety_interaction,Are there any cautions about using lavender during pregnancy or before driving?
REC-0070,HERB-0014,safety_interaction,How should I choose a lavender product if I only want to use it for inhalation or other self-care use?
REC-0071,HERB-0015,herb_profile,What is lemon balm usually used for in herbal practice?
REC-0071,HERB-0015,herb_profile,"Does lemon balm actually help with calming or sleep, and how strong is the evidence?"
REC-0071,HERB-0015,herb_profile,What side effects or problems can happen with lemon balm?
REC-0071,HERB-0015,herb_profile,"Who should be careful about using lemon balm, especially if they have thyroid issues, are pregnant, drive, or are having surgery?"
REC-0071,HERB-0015,herb_profile,"If I want to buy lemon balm in Canada, what should I look for on the product label or packaging?"
REC-0072,HERB-0015,use_case,What herbal remedy is commonly used for mild anxiety or nervous tension?
REC-0072,HERB-0015,use_case,Does lemon balm have any evidence for helping with stress or anxiety symptoms?
REC-0072,HERB-0015,use_case,How is lemon balm traditionally used in Western herbal medicine?
REC-0072,HERB-0015,use_case,"Is it safe to use lemon balm if I'm pregnant, have thyroid disease, or need to drive?"
REC-0072,HERB-0015,use_case,"What should I watch out for with lemon balm side effects or interactions, especially with sedatives or thyroid medicine?"
REC-0073,HERB-0015,use_case,Can lemon balm help with trouble falling asleep or insomnia?
REC-0073,HERB-0015,use_case,Is lemon balm used for restlessness or bedtime anxiety in herbal medicine?
REC-0073,HERB-0015,use_case,How strong is the evidence for lemon balm and sleep problems?
REC-0073,HERB-0015,use_case,What side effects or safety concerns should I know about with lemon balm tea?
REC-0073,HERB-0015,use_case,"Are there any precautions for lemon balm if I have thyroid disease, am pregnant, or need to drive or have surgery?"
REC-0074,HERB-0015,preparation,How is lemon balm usually prepared for use as a tea or extract?
REC-0074,HERB-0015,preparation,What should I look for when buying lemon balm products in Canada?
REC-0074,HERB-0015,preparation,Is it better to choose a single-ingredient lemon balm tea or a licensed product?
REC-0074,HERB-0015,preparation,"What side effects can happen with lemon balm, like drowsiness or stomach upset?"
REC-0074,HERB-0015,preparation,"Are there any cautions with lemon balm if I have thyroid disease, am pregnant, drive, or have surgery coming up?"
REC-0075,HERB-0015,safety_interaction,What side effects can lemon balm cause if someone takes it as a tea or extract?
REC-0075,HERB-0015,safety_interaction,Is lemon balm safe to use during pregnancy or if I have thyroid problems?
REC-0075,HERB-0015,safety_interaction,Can lemon balm make you sleepy or interact with sedatives?
REC-0075,HERB-0015,safety_interaction,Should I avoid lemon balm before surgery or if I need to drive?
REC-0075,HERB-0015,safety_interaction,What should I check on a lemon balm product label when buying it in Canada?
REC-0076,HERB-0016,herb_profile,What is sour jujube seed usually used for in traditional Chinese medicine?
REC-0076,HERB-0016,herb_profile,"Does sour jujube seed actually help with sleep, and how strong is the evidence?"
REC-0076,HERB-0016,herb_profile,What side effects or safety issues should I know about with sour jujube seed?
REC-0076,HERB-0016,herb_profile,"Can sour jujube seed interact with sleep meds, alcohol, or other sedating drugs?"
REC-0076,HERB-0016,herb_profile,What should I check when buying sour jujube seed products in Canada?
REC-0077,HERB-0016,use_case,What might sour jujube seed help with if someone has trouble falling asleep or staying asleep?
REC-0077,HERB-0016,use_case,"Is sour jujube seed actually proven to work for insomnia, or is the evidence still weak?"
REC-0077,HERB-0016,use_case,What traditional Chinese medicine pattern is sour jujube seed usually used for when sleep problems come with irritability or palpitations?
REC-0077,HERB-0016,use_case,"Are there any safety concerns with sour jujube seed, especially if I'm pregnant, sleepy during the day, or have sleep apnea?"
REC-0077,HERB-0016,use_case,"Can sour jujube seed interact with sleep meds, benzodiazepines, opioids, antihistamines, or alcohol?"
REC-0078,HERB-0016,use_case,"What can help with nighttime restlessness and anxiety at night, especially if it comes with palpitations?"
REC-0078,HERB-0016,use_case,How is sour jujube seed traditionally used for insomnia or irritability related to blood or yin deficiency?
REC-0078,HERB-0016,use_case,Is there any modern evidence that sour jujube seed works for nighttime restlessness?
REC-0078,HERB-0016,use_case,"What side effects or safety concerns should I know about with sour jujube seed, like drowsiness or dizziness?"
REC-0078,HERB-0016,use_case,"Can sour jujube seed interact with sleep meds, benzodiazepines, opioids, antihistamines, or alcohol?"
REC-0079,HERB-0016,preparation,How is sour jujube seed usually used in Chinese medicine for sleep problems or restlessness?
REC-0079,HERB-0016,preparation,What should I look for when buying sour jujube seed products in Canada?
REC-0079,HERB-0016,preparation,"Is sour jujube seed something I can use as a tea, decoction, food, or extract?"
REC-0079,HERB-0016,preparation,What are the possible side effects of sour jujube seed?
REC-0079,HERB-0016,preparation,"Can sour jujube seed interact with sleep medicines, alcohol, or other sedating drugs?"
REC-0080,HERB-0016,safety_interaction,"What side effects can sour jujube seed cause, like drowsiness or stomach upset?"
REC-0080,HERB-0016,safety_interaction,Is sour jujube seed safe to use if I'm pregnant or have sleep apnea?
REC-0080,HERB-0016,safety_interaction,"Can sour jujube seed interact with sleep medicines, benzodiazepines, opioids, antihistamines, or alcohol?"
REC-0080,HERB-0016,safety_interaction,Should I avoid driving or using machinery after taking sour jujube seed because it may make you sleepy?
REC-0080,HERB-0016,safety_interaction,Is sour jujube seed something I should only use in a practitioner-selected formula or after a pharmacist review?
REC-0081,HERB-0017,herb_profile,"What is jujube fruit usually used for in traditional Chinese medicine, and how is it described in later formulas?"
REC-0081,HERB-0017,herb_profile,"Is there any real evidence that jujube fruit helps with insomnia, anemia, or chronic disease?"
REC-0081,HERB-0017,herb_profile,"Can jujube fruit be used as a food ingredient in soups or porridges, and are there any things to watch for when using it that way?"
REC-0081,HERB-0017,herb_profile,"What side effects or cautions should I know about with jujube fruit, especially if I have diabetes or fructose intolerance?"
REC-0081,HERB-0017,herb_profile,"What should I look for when buying jujube fruit in Canada, like labels or ingredients to avoid?"
REC-0082,HERB-0017,use_case,What can jujube fruit be used for if someone has poor appetite or feels weak while recovering?
REC-0082,HERB-0017,use_case,Is jujube fruit something that’s traditionally used to support qi and blood?
REC-0082,HERB-0017,use_case,Does the modern evidence show jujube fruit can treat anemia or other deficiency problems?
REC-0082,HERB-0017,use_case,"How is jujube fruit usually eaten as part of food-based nourishment, like in soups or porridge?"
REC-0082,HERB-0017,use_case,"Are there any cautions with jujube fruit for people with diabetes, fructose intolerance, or allergies?"
REC-0083,HERB-0017,use_case,Can jujube fruit help with trouble sleeping or restlessness at bedtime?
REC-0083,HERB-0017,use_case,Is Da Zao the same thing as sour jujube seed when people talk about insomnia remedies?
REC-0083,HERB-0017,use_case,How is jujube fruit usually taken if someone wants to use it for sleep support?
REC-0083,HERB-0017,use_case,Are there any reasons to be careful with jujube fruit if you have diabetes or fructose intolerance?
REC-0083,HERB-0017,use_case,What side effects or risks should I know about before using jujube fruit regularly?
REC-0084,HERB-0017,preparation,"How is jujube fruit usually used in cooking, like in soups or porridge?"
REC-0084,HERB-0017,preparation,What should I look for when buying jujube fruit in Canada?
REC-0084,HERB-0017,preparation,Is Da Zao safe for someone with diabetes or fructose intolerance?
REC-0084,HERB-0017,preparation,Are there any side effects from eating jujube fruit or using concentrated jujube products?
REC-0084,HERB-0017,preparation,Can jujube fruit interact with diabetes medicines or affect blood sugar?
REC-0085,HERB-0017,safety_interaction,What side effects or problems can happen with jujube fruit?
REC-0085,HERB-0017,safety_interaction,Is Da Zao safe if someone has diabetes or fructose intolerance?
REC-0085,HERB-0017,safety_interaction,Can jujube fruit affect blood sugar medicines?
REC-0085,HERB-0017,safety_interaction,Are there any allergy or sugar-related cautions with eating jujube fruit in syrup or dried form?
REC-0085,HERB-0017,safety_interaction,How should I choose a jujube fruit product in Canada so it doesn't have unnecessary sugar or sulfites?
REC-0086,HERB-0018,herb_profile,What is Schisandra (Wu Wei Zi) traditionally used for in Chinese medicine?
REC-0086,HERB-0018,herb_profile,"Is there good modern evidence that Schisandra helps with fatigue, liver support, breathing problems, or sleep?"
REC-0086,HERB-0018,herb_profile,What side effects or unwanted reactions can Schisandra cause?
REC-0086,HERB-0018,herb_profile,"Who should be careful about using Schisandra, especially if they’re pregnant or have reflux, epilepsy, or liver disease?"
REC-0086,HERB-0018,herb_profile,What should I look for when buying a Schisandra supplement in Canada so I know it’s a legit product?
REC-0087,HERB-0018,use_case,Could Schisandra help with ongoing fatigue or low stamina?
REC-0087,HERB-0018,use_case,"Is Schisandra actually supported by good evidence for stress adaptation, or is it just marketed as an adaptogen?"
REC-0087,HERB-0018,use_case,What is Schisandra traditionally used for in Chinese medicine?
REC-0087,HERB-0018,use_case,"What side effects or safety concerns should I know about with Schisandra, especially for reflux or stomach upset?"
REC-0087,HERB-0018,use_case,"Can Schisandra interact with medicines like warfarin, tacrolimus, or cyclosporine?"
REC-0088,HERB-0018,use_case,"Could Schisandra help with a chronic cough that keeps coming back, especially if it seems related to weakness rather than an acute infection?"
REC-0088,HERB-0018,use_case,What kinds of cough or breathing symptoms is Schisandra traditionally used for?
REC-0088,HERB-0018,use_case,Is there any good human evidence that Schisandra actually helps with cough?
REC-0088,HERB-0018,use_case,"What side effects or safety issues should I know about before using Schisandra for cough, especially if I have reflux, epilepsy, or liver problems?"
REC-0088,HERB-0018,use_case,"Can Schisandra interact with prescription medicines like warfarin, tacrolimus, or cyclosporine, and is it okay to use it without supervision?"
REC-0089,HERB-0018,preparation,How should I choose a Schisandra product if I want to buy it in Canada?
REC-0089,HERB-0018,preparation,What should I check on a Schisandra label to make sure it's a properly licensed product?
REC-0089,HERB-0018,preparation,"Is Schisandra better as a tea, extract, or practitioner formula, and does the preparation type matter?"
REC-0089,HERB-0018,preparation,"What are the main safety concerns with Schisandra, like stomach upset or heartburn?"
REC-0089,HERB-0018,preparation,"Who should be careful with Schisandra because of pregnancy, epilepsy, reflux, liver problems, or prescription medicines?"
REC-0090,HERB-0018,safety_interaction,"What side effects can Schisandra cause, like stomach issues or allergies?"
REC-0090,HERB-0018,safety_interaction,"Is Schisandra safe to use during pregnancy, or should it be avoided?"
REC-0090,HERB-0018,safety_interaction,"Can Schisandra interact with medicines such as tacrolimus, cyclosporine, or warfarin?"
REC-0090,HERB-0018,safety_interaction,"Who should be extra careful with Schisandra because of conditions like epilepsy, reflux, or liver disease?"
REC-0090,HERB-0018,safety_interaction,How can I tell if a Schisandra product is a properly labeled licensed product in Canada?
REC-0091,HERB-0019,herb_profile,"What is rehmannia root traditionally used for, and do the fresh, dried, and prepared forms have different effects?"
REC-0091,HERB-0019,herb_profile,"Is there any modern evidence that rehmannia root helps with diabetes, anemia, kidney disease, or menopausal symptoms?"
REC-0091,HERB-0019,herb_profile,"What side effects can rehmannia root cause, especially for the stomach or digestion?"
REC-0091,HERB-0019,herb_profile,"Who should be cautious about using rehmannia root, like people with diabetes, chronic diarrhea, or during pregnancy?"
REC-0091,HERB-0019,herb_profile,How do I make sure I’m buying the right form of rehmannia root in Canada?
REC-0092,HERB-0019,use_case,"What herbs are traditionally used for dryness and heat symptoms like dry mouth, thirst, and a feeling of heat?"
REC-0092,HERB-0019,use_case,"Can rehmannia root help with ongoing thirst or dryness, or is the evidence not strong enough for that?"
REC-0092,HERB-0019,use_case,"What does traditional Chinese medicine say about Sheng Di Huang for fluid loss or a dry, hot pattern?"
REC-0092,HERB-0019,use_case,Are there any cautions or side effects I should know about before using rehmannia root for thirst or dryness?
REC-0092,HERB-0019,use_case,"How are the fresh, dried, and prepared forms of rehmannia root different, and can I swap them in a formula?"
REC-0093,HERB-0019,use_case,"What kind of symptoms or pattern might make someone look into rehmannia root for blood deficiency, like fatigue, dizziness, or a pale appearance?"
REC-0093,HERB-0019,use_case,How is Shu Di Huang traditionally used in formulas for nourishing blood and essence?
REC-0093,HERB-0019,use_case,"Is traditional blood deficiency the same as anemia, or would suspected anemia need blood tests and a different treatment plan?"
REC-0093,HERB-0019,use_case,"What are the main side effects or safety concerns with rehmannia root, especially for people with digestive issues, diabetes, or pregnancy?"
REC-0093,HERB-0019,use_case,"Why shouldn't fresh, dried, and prepared rehmannia be used interchangeably, and what should someone check when buying it in Canada?"
REC-0094,HERB-0019,preparation,"How is rehmannia root supposed to be used differently when it's fresh, dried, or prepared?"
REC-0094,HERB-0019,preparation,"Can I use Rehmannia root on my own, or is it something that should only be included in a practitioner-chosen formula?"
REC-0094,HERB-0019,preparation,"What should I watch out for if I get Rehmannia root, like side effects or any health conditions where it might be a problem?"
REC-0094,HERB-0019,preparation,"Does rehmannia root have any special cautions for people with diabetes, chronic diarrhea, or if someone is pregnant?"
REC-0094,HERB-0019,preparation,"If I'm buying Rehmannia root in Canada, how can I tell I'm getting the right processed form and a quality product?"
REC-0095,HERB-0019,safety_interaction,What side effects can Rehmannia root cause?
REC-0095,HERB-0019,safety_interaction,"Is Rehmannia root safe to use if someone has diabetes, chronic diarrhea, or is pregnant?"
REC-0095,HERB-0019,safety_interaction,Does Rehmannia glutinosa interact with diabetes medicines or blood sugar-lowering drugs?
REC-0095,HERB-0019,safety_interaction,"Can you mix up fresh, dried, and prepared rehmannia, or do they need to be kept separate?"
REC-0095,HERB-0019,safety_interaction,What should I check before buying rehmannia root in Canada?
REC-0096,HERB-0020,herb_profile,What is white peony root used for in traditional Chinese medicine?
REC-0096,HERB-0020,herb_profile,"Does Bai Shao have any evidence for helping with pain, menstrual symptoms, or autoimmune conditions?"
REC-0096,HERB-0020,herb_profile,Are there any side effects or safety concerns with white peony root?
REC-0096,HERB-0020,herb_profile,"Who should be careful about using white peony root, especially if they're pregnant or have bleeding issues?"
REC-0096,HERB-0020,herb_profile,How do I make sure I'm buying a real white peony root product in Canada?
REC-0097,HERB-0020,use_case,Could white peony root help with menstrual cramps or pelvic pain?
REC-0097,HERB-0020,use_case,What is Bai Shao traditionally used for when it comes to period pain?
REC-0097,HERB-0020,use_case,Is there good modern evidence that white peony root works on its own for menstrual cramps?
REC-0097,HERB-0020,use_case,"Are there any safety concerns with using white peony root if someone has heavy bleeding, might be pregnant, or has sudden severe pain?"
REC-0097,HERB-0020,use_case,Can white peony root interact with blood thinners or blood-pressure medicine?
REC-0098,HERB-0020,use_case,Can white peony root help with muscle cramps or leg cramps?
REC-0098,HERB-0020,use_case,What kind of traditional use does Bai Shao have for muscle spasms or tension?
REC-0098,HERB-0020,use_case,Is there good modern evidence that white peony root works for ordinary muscle cramps?
REC-0098,HERB-0020,use_case,"Are there any safety concerns with using white peony root, especially for pregnancy or bleeding risk?"
REC-0098,HERB-0020,use_case,Could white peony root interact with blood thinners or blood pressure medicines?
REC-0099,HERB-0020,preparation,"How is white peony root usually prepared or used in practice, like as a tea, decoction, or extract?"
REC-0099,HERB-0020,preparation,"What should I know about buying white peony root in Canada, like checking the NPN or product authenticity?"
REC-0099,HERB-0020,preparation,Is white peony root something I should only use in a practitioner-formulated blend rather than on its own?
REC-0099,HERB-0020,preparation,What side effects or safety concerns can white peony root cause?
REC-0099,HERB-0020,preparation,Are there any reasons to be careful using white peony root during pregnancy or if I'm taking blood thinners or blood pressure medicine?
REC-0100,HERB-0020,safety_interaction,What side effects can white peony root cause?
REC-0100,HERB-0020,safety_interaction,Is Bai Shao safe to use during pregnancy?
REC-0100,HERB-0020,safety_interaction,Does white peony root interact with blood thinners or antiplatelet drugs?
REC-0100,HERB-0020,safety_interaction,Should I avoid white peony root before surgery?
REC-0100,HERB-0020,safety_interaction,"Is it okay to self-treat with white peony root, or should a practitioner guide its use?"
REC-0101,HERB-0021,herb_profile,What is Chinese cinnamon bark (Rou Gui) usually used for in traditional medicine?
REC-0101,HERB-0021,herb_profile,Is there any real evidence that cassia cinnamon helps with blood sugar or pain?
REC-0101,HERB-0021,herb_profile,"What safety issues should I know about with Chinese cinnamon bark, especially if I have liver problems or diabetes?"
REC-0101,HERB-0021,herb_profile,"Can cinnamon bark interact with diabetes medicines, blood thinners, or other medications that affect the liver?"
REC-0101,HERB-0021,herb_profile,"How do I tell whether a cinnamon product is cassia or Ceylon, and what should I check when buying it in Canada?"
REC-0102,HERB-0021,use_case,Can Chinese cinnamon bark help with blood sugar control or type 2 diabetes?
REC-0102,HERB-0021,use_case,"What does the evidence say about cinnamon for glucose support, and is it strong enough to replace diabetes medicine?"
REC-0102,HERB-0021,use_case,"Are there any risks or side effects from using cassia cinnamon, especially if you take it for a long time or in concentrated form?"
REC-0102,HERB-0021,use_case,"Who should be careful about using Rou Gui, like people with liver disease, pregnancy, diabetes, or before surgery?"
REC-0102,HERB-0021,use_case,"Does Chinese cinnamon bark interact with diabetes drugs, blood thinners, or medicines that can affect the liver?"
REC-0103,HERB-0021,use_case,"Could Chinese cinnamon bark help with a cold stomach, bloating, or crampy digestive discomfort?"
REC-0103,HERB-0021,use_case,What traditional uses does Rou Gui have for cold pain or yang deficiency patterns?
REC-0103,HERB-0021,use_case,Is there good modern evidence that cinnamon bark helps with nonspecific digestive issues?
REC-0103,HERB-0021,use_case,"What side effects or safety concerns can happen with cassia cinnamon, especially if it’s used a lot or for a long time?"
REC-0103,HERB-0021,use_case,"Who should be careful about using Chinese cinnamon bark, and what medicines might it interact with?"
REC-0104,HERB-0021,preparation,How do I use Chinese cinnamon bark safely as a spice in cooking?
REC-0104,HERB-0021,preparation,What's the difference between cassia cinnamon and Ceylon cinnamon when buying cinnamon products?
REC-0104,HERB-0021,preparation,"What should I check on a cinnamon supplement label in Canada, like NPN or species information?"
REC-0104,HERB-0021,preparation,"Is concentrated Chinese cinnamon bark safe if I have diabetes, liver problems, or I'm taking blood thinners?"
REC-0104,HERB-0021,preparation,What side effects can happen with too much cassia cinnamon or prolonged use of it?
REC-0105,HERB-0021,safety_interaction,What side effects can Chinese cinnamon bark cause if someone uses a lot of cassia or takes it for a long time?
REC-0105,HERB-0021,safety_interaction,"Is Rou Gui safe to use during pregnancy, or are there situations where it should be avoided?"
REC-0105,HERB-0021,safety_interaction,"What medicines can Chinese cinnamon bark interact with, especially for people on diabetes or blood-thinning drugs?"
REC-0105,HERB-0021,safety_interaction,Does cinnamon bark need extra caution if someone has liver disease or is planning surgery?
REC-0105,HERB-0021,safety_interaction,"How can I tell if a cinnamon product is safe to buy for medicinal use in Canada, and should I be checking for cassia versus Ceylon cinnamon?"
REC-0106,HERB-0022,herb_profile,"What is Chinese yam, and where does it come from?"
REC-0106,HERB-0022,herb_profile,How has Chinese yam traditionally been used in Chinese medicine or as food?
REC-0106,HERB-0022,herb_profile,"Is there good modern evidence that Chinese yam helps with diabetes, chronic diarrhea, fatigue, or hormone-related problems?"
REC-0106,HERB-0022,herb_profile,"What side effects or safety issues can happen with Chinese yam, especially if someone has a yam allergy or diabetes?"
REC-0106,HERB-0022,herb_profile,"How can I tell if I'm buying the edible Chinese yam and not a wild yam supplement, especially in Canada?"
REC-0107,HERB-0022,use_case,Could Chinese yam help with poor appetite or weak digestion?
REC-0107,HERB-0022,use_case,What traditional uses does Shan Yao have for loose stool or spleen qi deficiency?
REC-0107,HERB-0022,use_case,Is there any modern evidence that Chinese yam helps with chronic diarrhea or malabsorption?
REC-0107,HERB-0022,use_case,"Are there any safety concerns with eating Chinese yam, especially if someone has a yam allergy or diabetes?"
REC-0107,HERB-0022,use_case,How should Chinese yam be prepared or bought so it’s the edible kind and not a wild yam supplement?
REC-0108,HERB-0022,use_case,"Could Chinese yam help with fatigue and recovery, or is it mainly just a nourishing food?"
REC-0108,HERB-0022,use_case,What kinds of weakness or digestive patterns is Shan Yao traditionally used for?
REC-0108,HERB-0022,use_case,Is there any modern evidence that Chinese yam can treat the medical causes of tiredness?
REC-0108,HERB-0022,use_case,How should Chinese yam be prepared if I want to use it in soup or porridge?
REC-0108,HERB-0022,use_case,"Are there any cautions with Chinese yam for people with diabetes, allergies, or itchy skin when handling it raw?"
REC-0109,HERB-0022,preparation,"How do you usually prepare Chinese yam for cooking, like in soups or porridge?"
REC-0109,HERB-0022,preparation,"Is it okay to eat Chinese yam raw, or should it be cooked first?"
REC-0109,HERB-0022,preparation,What side effects or problems can happen when handling or eating Chinese yam?
REC-0109,HERB-0022,preparation,"Who should be careful with Chinese yam, especially if they have allergies or diabetes?"
REC-0109,HERB-0022,preparation,How can I tell if the Chinese yam product I’m buying in Canada is the edible kind and not wild yam?
REC-0110,HERB-0022,safety_interaction,What side effects or problems can happen with Chinese yam?
REC-0110,HERB-0022,safety_interaction,Is Chinese yam safe if someone has a yam allergy or diabetes?
REC-0110,HERB-0022,safety_interaction,Can Chinese yam affect blood sugar medicines?
REC-0110,HERB-0022,safety_interaction,"Are there any concerns with handling raw Chinese yam, like skin irritation or itching?"
REC-0110,HERB-0022,safety_interaction,How do I make sure I’m buying the edible Chinese yam and not a wild yam supplement?
REC-0111,HERB-0023,herb_profile,What is lotus seed used for in traditional Chinese medicine?
REC-0111,HERB-0023,herb_profile,Is lotus seed actually supported by modern studies for problems like insomnia or diarrhea?
REC-0111,HERB-0023,herb_profile,How is lotus seed usually eaten or prepared in food and herbal recipes?
REC-0111,HERB-0023,herb_profile,"Are there any side effects or people who should be careful with lotus seed, especially if they have constipation or diabetes?"
REC-0111,HERB-0023,herb_profile,What should I look for when buying lotus seed in Canada?
REC-0112,HERB-0023,use_case,Can lotus seed help with chronic loose stools or digestive weakness?
REC-0112,HERB-0023,use_case,"What symptoms is lotus seed traditionally used for, like poor appetite or diarrhea?"
REC-0112,HERB-0023,use_case,Is there any modern evidence that lotus seed works for chronic diarrhea?
REC-0112,HERB-0023,use_case,Are there any cautions if I want to use lotus seed and I tend to get constipated or have diabetes?
REC-0112,HERB-0023,use_case,"What’s the usual way to use lotus seed as food, and what should I watch for when buying it in Canada?"
REC-0113,HERB-0023,use_case,Can lotus seed help with restlessness or trouble sleeping?
REC-0113,HERB-0023,use_case,What is lotus seed traditionally used for when someone has a restless mind or sleep problems?
REC-0113,HERB-0023,use_case,"Is there any real evidence that lotus seed improves sleep, or is it mostly a traditional remedy?"
REC-0113,HERB-0023,use_case,How is lotus seed usually eaten or prepared if someone wants to use it for bedtime support?
REC-0113,HERB-0023,use_case,"Are there any cautions with lotus seed if I have constipation, diabetes, or take blood sugar medicine?"
REC-0114,HERB-0023,preparation,"How is lotus seed usually used in cooking, like in soups or porridge?"
REC-0114,HERB-0023,preparation,What should I watch out for when using lotus seed if I get constipated or have diabetes?
REC-0114,HERB-0023,preparation,"Are there any side effects from lotus seed preparations, especially sweetened ones or pastes?"
REC-0114,HERB-0023,preparation,"When buying lotus seed in Canada, how can I tell if the product is good quality and properly authorized?"
REC-0114,HERB-0023,preparation,Does the way lotus seed is prepared affect its safety or how it should be used?
REC-0115,HERB-0023,safety_interaction,What side effects can happen with lotus seed use?
REC-0115,HERB-0023,safety_interaction,Is lotus seed okay to use if someone has constipation or diabetes?
REC-0115,HERB-0023,safety_interaction,Does lotus seed interact with diabetes medicines or other medications?
REC-0115,HERB-0023,safety_interaction,"Can lotus seed be used during pregnancy or before surgery, or are there cautions?"
REC-0115,HERB-0023,safety_interaction,What should I check for when buying lotus seed in Canada so I get a safe product?
REC-0116,HERB-0024,herb_profile,What is lily bulb (Bai He) usually used for in traditional Chinese medicine?
REC-0116,HERB-0024,herb_profile,"Is there any good evidence that lily bulb helps with cough, insomnia, or anxiety?"
REC-0116,HERB-0024,herb_profile,What side effects or safety concerns should I know about with lily bulb?
REC-0116,HERB-0024,herb_profile,"Can I eat lily bulb as food, and how is it typically prepared?"
REC-0116,HERB-0024,herb_profile,How do I tell if the lily bulb product I’m buying is safe and actually meant for people to eat?
REC-0117,HERB-0024,use_case,"What herbal food is traditionally used for a dry cough and dry throat, especially after being sick?"
REC-0117,HERB-0024,use_case,"Can lily bulb help with cough, or is the evidence for that still weak?"
REC-0117,HERB-0024,use_case,How is Bai He usually prepared if someone wants to use it for lung dryness or cough comfort?
REC-0117,HERB-0024,use_case,"Are there any safety concerns with using lily bulb, like allergies or using the wrong kind of lily?"
REC-0117,HERB-0024,use_case,When should someone with a persistent cough or other symptoms like chest pain or fever get checked by a professional instead of trying this on their own?
REC-0118,HERB-0024,use_case,"What might help with restlessness and sleep trouble after being sick, especially if I’m recovering from an illness?"
REC-0118,HERB-0024,use_case,Is lily bulb or Bai He traditionally used for feeling unsettled after an illness?
REC-0118,HERB-0024,use_case,"Does lily bulb have any modern clinical evidence for easing restlessness after illness, or is the evidence still weak?"
REC-0118,HERB-0024,use_case,How is edible lily bulb usually prepared when it’s used as food support?
REC-0118,HERB-0024,use_case,"Are there any safety concerns with using lily bulb, like allergy, pregnancy, or confusing it with ornamental lilies?"
REC-0119,HERB-0024,preparation,"How is lily bulb usually prepared or eaten, like in soups or porridge?"
REC-0119,HERB-0024,preparation,What should I look for when buying Bai He in Canada so I know it's a safe food-grade product?
REC-0119,HERB-0024,preparation,"Can lily bulb be used as a food ingredient instead of as a medicine, and what kind of dishes is it added to?"
REC-0119,HERB-0024,preparation,"Are there any safety concerns with using lily bulb, especially if I'm pregnant or have food allergies?"
REC-0119,HERB-0024,preparation,How do I tell the edible lily bulb apart from ornamental lilies before using it in cooking?
REC-0120,HERB-0024,safety_interaction,"What side effects or problems can happen with lily bulb, and are there any red flags to watch for?"
REC-0120,HERB-0024,safety_interaction,"Is lily bulb safe to use during pregnancy, or are there special cautions?"
REC-0120,HERB-0024,safety_interaction,"Does Bai He interact with any medications, or is that still unclear?"
REC-0120,HERB-0024,safety_interaction,How can I tell if a lily bulb product is safe to eat and not an ornamental lily?
REC-0120,HERB-0024,safety_interaction,What should I look for when buying food-grade Bai He in Canada?
REC-0121,HERB-0025,herb_profile,"What is dried tangerine peel, and what’s it traditionally used for?"
REC-0121,HERB-0025,herb_profile,"Can Chen Pi help with bloating, poor appetite, nausea, or phlegm?"
REC-0121,HERB-0025,herb_profile,Is there any solid modern evidence for using dried tangerine peel for indigestion or cough?
REC-0121,HERB-0025,herb_profile,"What side effects or cautions should I know about before using dried tangerine peel, especially if I have reflux, a citrus allergy, or take medicines?"
REC-0121,HERB-0025,herb_profile,"How do I choose a safe dried tangerine peel product, and what should I look for when buying it in Canada?"
REC-0122,HERB-0025,use_case,Could dried tangerine peel help with bloating and indigestion?
REC-0122,HERB-0025,use_case,What digestive symptoms is Chen Pi traditionally used for besides bloating?
REC-0122,HERB-0025,use_case,Is there good clinical evidence for using dried tangerine peel for functional dyspepsia?
REC-0122,HERB-0025,use_case,"What side effects or cautions should I know about before using dried tangerine peel, especially if I have reflux or a citrus allergy?"
REC-0122,HERB-0025,use_case,"How is Chen Pi usually used in food or tea, and what should I look for when buying it in Canada?"
REC-0123,HERB-0025,use_case,Could dried tangerine peel help with phlegm and a cough?
REC-0123,HERB-0025,use_case,What does Chen Pi traditionally do for chest congestion or mucus buildup?
REC-0123,HERB-0025,use_case,Is there any good evidence that tangerine peel helps with chronic cough or respiratory infections?
REC-0123,HERB-0025,use_case,"What side effects or cautions should I know about before using dried tangerine peel, especially if I have reflux or take medicines?"
REC-0123,HERB-0025,use_case,"How is Chen Pi usually used in tea or soup, and how do I make sure I buy the food-grade kind?"
REC-0124,HERB-0025,preparation,How is dried tangerine peel usually used in tea or soup?
REC-0124,HERB-0025,preparation,What should I look for when buying Chen Pi in Canada?
REC-0124,HERB-0025,preparation,Is food-grade dried tangerine peel different from the fresh peel or essential oil?
REC-0124,HERB-0025,preparation,"Are there any side effects or reasons to be careful with dried tangerine peel, especially if I have reflux or a citrus allergy?"
REC-0124,HERB-0025,preparation,Can dried tangerine peel affect medications or be a problem if I'm taking several prescriptions?
REC-0125,HERB-0025,safety_interaction,What are the main side effects or problems that can happen with dried tangerine peel?
REC-0125,HERB-0025,safety_interaction,Is Chen Pi safe to use if someone has acid reflux or a citrus allergy?
REC-0125,HERB-0025,safety_interaction,Can dried tangerine peel be taken during pregnancy?
REC-0125,HERB-0025,safety_interaction,Does dried tangerine peel interact with medications or affect drug metabolism?
REC-0125,HERB-0025,safety_interaction,What should I look for when buying dried tangerine peel in Canada so I get a safe product?
REC-0126,HERB-0026,herb_profile,"What is fennel seed usually used for in herbal medicine, especially for bloating or stomach cramps?"
REC-0126,HERB-0026,herb_profile,Does fennel seed have any evidence for helping digestive symptoms or menstrual pain?
REC-0126,HERB-0026,herb_profile,Is fennel seed safe to use if I’m pregnant or have a hormone-sensitive condition?
REC-0126,HERB-0026,herb_profile,"What side effects can happen with fennel seed, and why is the essential oil a concern?"
REC-0126,HERB-0026,herb_profile,How should I choose a good fennel seed product or tea in Canada?
REC-0127,HERB-0026,use_case,What can help with bloating and gas if it's caused by digestive spasm?
REC-0127,HERB-0026,use_case,Is fennel seed used for stomach pain with gas or indigestion in traditional medicine?
REC-0127,HERB-0026,use_case,"How is fennel seed usually taken for minor digestive complaints, like as a spice or tea?"
REC-0127,HERB-0026,use_case,"Are there any safety concerns with fennel seed, especially during pregnancy or if you have a hormone-sensitive condition?"
REC-0127,HERB-0026,use_case,Can fennel seed interact with hormone medicines or drugs processed by the liver?
REC-0128,HERB-0026,use_case,Can fennel seed help with menstrual cramps or period pain?
REC-0128,HERB-0026,use_case,What kind of herbal use is fennel seed traditionally associated with for cramping or pelvic discomfort?
REC-0128,HERB-0026,use_case,Is there any modern evidence that fennel seed works for menstrual cramps?
REC-0128,HERB-0026,use_case,How is fennel seed usually used for this kind of problem — as a spice or tea?
REC-0128,HERB-0026,use_case,"Are there any reasons to avoid using fennel seed for menstrual pain, like pregnancy or heavy bleeding?"
REC-0129,HERB-0026,preparation,How do people usually use fennel seed as a food or tea instead of making a concentrated product?
REC-0129,HERB-0026,preparation,What's the difference between using fennel seed as a cooking spice and using it as a medicinal extract?
REC-0129,HERB-0026,preparation,What should I look for when buying fennel seed in Canada to make sure it's a good-quality product?
REC-0129,HERB-0026,preparation,"Is it safe to take fennel seed essential oil directly, or is that a bad idea?"
REC-0129,HERB-0026,preparation,"Who should be careful about using fennel seed, especially if they're pregnant or have hormone-sensitive issues?"
REC-0130,HERB-0026,safety_interaction,"Is fennel seed safe to use in pregnancy, or should it be avoided?"
REC-0130,HERB-0026,safety_interaction,"What side effects can fennel seed cause, especially if someone uses the essential oil?"
REC-0130,HERB-0026,safety_interaction,Does fennel seed interact with hormone treatments or medicines that are processed by the liver?
REC-0130,HERB-0026,safety_interaction,Who should be careful with fennel seed because of allergies or conditions like seizures or hormone-sensitive issues?
REC-0130,HERB-0026,safety_interaction,"What’s the safer way to use fennel seed as a spice or tea, and should the concentrated essential oil be taken by mouth?"
REC-0131,HERB-0027,herb_profile,What is Chinese hawthorn fruit (Shan Zha) usually used for in traditional medicine?
REC-0131,HERB-0027,herb_profile,Is there any evidence that Chinese hawthorn fruit helps with digestion or heart problems?
REC-0131,HERB-0027,herb_profile,What side effects can happen with hawthorn fruit?
REC-0131,HERB-0027,herb_profile,Who should avoid using hawthorn fruit without medical advice?
REC-0131,HERB-0027,herb_profile,"If I’m buying Chinese hawthorn fruit in Canada, what should I check on the product label?"
REC-0132,HERB-0027,use_case,What might Chinese hawthorn fruit be used for after eating a heavy or greasy meal and feeling really full or indigestive?
REC-0132,HERB-0027,use_case,Is there good modern evidence that Shan Zha helps with ordinary indigestion?
REC-0132,HERB-0027,use_case,How is Chinese hawthorn fruit usually used as a food support — is it something you can have as food or tea?
REC-0132,HERB-0027,use_case,"Are there any side effects or warning signs to watch for with hawthorn, like low blood pressure or nausea?"
REC-0132,HERB-0027,use_case,"Who should avoid self-treating with hawthorn, and are there any medicine interactions to be careful about?"
REC-0133,HERB-0027,use_case,What is Chinese hawthorn fruit used for when it comes to heart and circulation support?
REC-0133,HERB-0027,use_case,"Can hawthorn help with chest discomfort or heart failure, or is that something that needs medical attention instead?"
REC-0133,HERB-0027,use_case,What does the evidence say about using Shan Zha for cardiovascular problems on your own?
REC-0133,HERB-0027,use_case,"Are there any side effects or safety concerns with hawthorn, especially if I already have low blood pressure?"
REC-0133,HERB-0027,use_case,"Does Chinese hawthorn fruit interact with heart or blood pressure medicines like digoxin, nitrates, beta blockers, or calcium-channel blockers?"
REC-0134,HERB-0027,preparation,How do people usually use Chinese hawthorn fruit as a food or tea instead of as a medicine?
REC-0134,HERB-0027,preparation,"What should I look for when buying Chinese hawthorn fruit products in Canada, especially if I want something medicinal?"
REC-0134,HERB-0027,preparation,"Is Shan Zha the same as other hawthorn products, or are Chinese hawthorn fruit and standardized European hawthorn extracts considered different?"
REC-0134,HERB-0027,preparation,What side effects can happen with Chinese hawthorn fruit or hawthorn products?
REC-0134,HERB-0027,preparation,"Who should avoid using hawthorn on their own, especially if they have heart problems, low blood pressure, or are pregnant?"
REC-0135,HERB-0027,safety_interaction,What side effects can Chinese hawthorn fruit cause if someone takes it medicinally?
REC-0135,HERB-0027,safety_interaction,"Who should avoid using hawthorn on their own, especially if they have heart problems or are pregnant?"
REC-0135,HERB-0027,safety_interaction,Does Chinese hawthorn fruit interact with medicines like digoxin or blood pressure drugs?
REC-0135,HERB-0027,safety_interaction,"Is it okay to use Shan Zha as a food or tea, and when does it need clinician review?"
REC-0135,HERB-0027,safety_interaction,What should I check when buying Chinese hawthorn products in Canada?
REC-0136,HERB-0028,herb_profile,What is chrysanthemum flower (Ju Hua) traditionally used for in Chinese medicine?
REC-0136,HERB-0028,herb_profile,"Can chrysanthemum tea help with things like a mild headache, sore throat, or eye irritation?"
REC-0136,HERB-0028,herb_profile,"Is there any good modern evidence that chrysanthemum flower works for colds, headaches, blood pressure, or eye problems?"
REC-0136,HERB-0028,herb_profile,What side effects or allergy risks should I know about before using chrysanthemum flower?
REC-0136,HERB-0028,herb_profile,How do I tell if a chrysanthemum flower tea product is safe to buy and actually suitable for drinking?
REC-0137,HERB-0028,use_case,Could chrysanthemum flower tea be used for a mild cold with a sore throat?
REC-0137,HERB-0028,use_case,"What symptoms is Ju Hua traditionally used for, like wind-heat or feeling warm with a headache?"
REC-0137,HERB-0028,use_case,"Does chrysanthemum actually help shorten a viral cold, or is the evidence too weak?"
REC-0137,HERB-0028,use_case,"Are there any allergy or skin reaction risks with chrysanthemum flower, especially if you’re sensitive to ragweed?"
REC-0137,HERB-0028,use_case,"Can I drink chrysanthemum as a tea, and should I avoid ornamental flowers that may have pesticide residue?"
REC-0138,HERB-0028,use_case,Can chrysanthemum flower tea help with eye strain and headaches from screen fatigue?
REC-0138,HERB-0028,use_case,What is Ju Hua traditionally used for when someone has red eyes or head discomfort?
REC-0138,HERB-0028,use_case,Is there any modern evidence that chrysanthemum flower can treat eye problems or recurring headaches?
REC-0138,HERB-0028,use_case,What side effects or allergies should I watch out for with chrysanthemum flower tea?
REC-0138,HERB-0028,use_case,"Who should be careful about using chrysanthemum flower, especially if they have ragweed allergy, are pregnant, or take blood pressure or diabetes medicines?"
REC-0139,HERB-0028,preparation,How should I prepare chrysanthemum flower tea for drinking at home?
REC-0139,HERB-0028,preparation,"What’s the difference between using chrysanthemum as tea, food garnish, or a decoction?"
REC-0139,HERB-0028,preparation,What should I look for when buying Ju Hua in Canada so I know it’s safe to consume?
REC-0139,HERB-0028,preparation,"Can ornamental chrysanthemums be eaten, or do I need to buy a food-grade product?"
REC-0139,HERB-0028,preparation,Are there any safety concerns or allergies I should know about before using chrysanthemum flower as tea?
REC-0140,HERB-0028,safety_interaction,"What side effects can chrysanthemum flower tea cause, and is there any allergy risk with ragweed-related plants?"
REC-0140,HERB-0028,safety_interaction,"Who should be careful or avoid using Ju Hua, especially if they're pregnant or taking immunosuppressive medicine?"
REC-0140,HERB-0028,safety_interaction,Can chrysanthemum flower interact with blood pressure or diabetes medications?
REC-0140,HERB-0028,safety_interaction,"How do I tell if a chrysanthemum flower product is safe to drink, and should I avoid ornamental flowers?"
REC-0140,HERB-0028,safety_interaction,Is short-term tea use of chrysanthemum generally considered lower risk for adults without allergies?
REC-0141,HERB-0029,herb_profile,What is mulberry leaf usually used for in traditional medicine?
REC-0141,HERB-0029,herb_profile,Is there any evidence that mulberry leaf can help with blood sugar or cholesterol?
REC-0141,HERB-0029,herb_profile,What side effects or safety issues should I know about with Morus alba leaf tea?
REC-0141,HERB-0029,herb_profile,Can mulberry leaf interact with diabetes medications or make blood sugar drop too low?
REC-0141,HERB-0029,herb_profile,What should I look for when buying mulberry leaf products in Canada?
REC-0142,HERB-0029,use_case,Could mulberry leaf tea help with a dry cough or sore throat from a cold?
REC-0142,HERB-0029,use_case,What kind of traditional Chinese medicine pattern is mulberry leaf usually used for when someone has cough or throat dryness?
REC-0142,HERB-0029,use_case,Is there solid clinical evidence that Morus alba leaf works for coughs or colds?
REC-0142,HERB-0029,use_case,What should I watch out for if I want to use mulberry leaf and I take diabetes medicine?
REC-0142,HERB-0029,use_case,"Is short-term mulberry leaf tea considered safer than using it as a medicinal product, and when should I get medical help instead of self-treating?"
REC-0143,HERB-0029,use_case,Can mulberry leaf help with blood sugar control or type 2 diabetes?
REC-0143,HERB-0029,use_case,Is mulberry leaf used for post-meal glucose spikes?
REC-0143,HERB-0029,use_case,What are the cautions if I want to use mulberry leaf while taking diabetes medicines?
REC-0143,HERB-0029,use_case,Could mulberry leaf cause low blood sugar or other side effects?
REC-0143,HERB-0029,use_case,What should I look for when buying mulberry leaf tea or a supplement in Canada?
REC-0144,HERB-0029,preparation,How is mulberry leaf usually prepared for use as a tea or formula?
REC-0144,HERB-0029,preparation,What should I look for when buying mulberry leaf in Canada?
REC-0144,HERB-0029,preparation,Is it safer to use mulberry leaf as a food-grade tea or a licensed product?
REC-0144,HERB-0029,preparation,Can mulberry leaf affect blood sugar or interact with diabetes medicines?
REC-0144,HERB-0029,preparation,Are there any side effects or cautions I should know about before using mulberry leaf?
REC-0145,HERB-0029,safety_interaction,What side effects can mulberry leaf cause if someone takes it as an herbal tea or supplement?
REC-0145,HERB-0029,safety_interaction,Is mulberry leaf safe to use during pregnancy or if you have low blood sugar?
REC-0145,HERB-0029,safety_interaction,Can mulberry leaf interact with diabetes medicines or other blood sugar-lowering treatments?
REC-0145,HERB-0029,safety_interaction,"Is it okay to use mulberry leaf for metabolic health claims, or should that be reviewed by a professional first?"
REC-0145,HERB-0029,safety_interaction,What should I check when buying mulberry leaf in Canada to make sure it's a legitimate and safe product?
REC-0146,HERB-0030,herb_profile,What is Japanese honeysuckle flower usually used for in traditional Chinese medicine?
REC-0146,HERB-0030,herb_profile,"Does Jin Yin Hua have good human evidence for treating colds, flu, or skin infections?"
REC-0146,HERB-0030,herb_profile,"Are there any safety concerns with using Japanese honeysuckle flower, especially for allergy or stomach upset?"
REC-0146,HERB-0030,herb_profile,Who should avoid taking Japanese honeysuckle flower without medical advice?
REC-0146,HERB-0030,herb_profile,What should I look for when buying Japanese honeysuckle flower tea or medicinal products in Canada?
REC-0147,HERB-0030,use_case,What might Japanese honeysuckle flower tea be used for if I’m getting a sore throat and early cold symptoms?
REC-0147,HERB-0030,use_case,"Does Jin Yin Hua actually help shorten a viral cold, or is the evidence still weak?"
REC-0147,HERB-0030,use_case,Are there any warning signs that mean I shouldn’t just self-treat a sore throat with honeysuckle flower and should get checked instead?
REC-0147,HERB-0030,use_case,Is it safe to use Japanese honeysuckle flower during pregnancy or for a baby?
REC-0147,HERB-0030,use_case,What should I look for when buying Lonicera japonica flower buds so I don’t end up with the wrong species or a contaminated product?
REC-0148,HERB-0030,use_case,Could Japanese honeysuckle flower help with minor skin inflammation or skin redness?
REC-0148,HERB-0030,use_case,What is Jin Yin Hua traditionally used for when it comes to skin problems like boils or heat-toxin patterns?
REC-0148,HERB-0030,use_case,Is there any modern evidence that Japanese honeysuckle flower works for skin infection or inflammation?
REC-0148,HERB-0030,use_case,Are there any safety concerns with using Japanese honeysuckle tea or topical preparations on broken skin?
REC-0148,HERB-0030,use_case,"Who should avoid using Japanese honeysuckle flower medicinally, and are there any known medication interactions?"
REC-0149,HERB-0030,preparation,How should Japanese honeysuckle flower be prepared for tea or other home use?
REC-0149,HERB-0030,preparation,What kind of product should I look for if I want to buy Jin Yin Hua in Canada?
REC-0149,HERB-0030,preparation,Is it safe to use wild-harvested Japanese honeysuckle flower buds at home?
REC-0149,HERB-0030,preparation,What are the main safety concerns with Japanese honeysuckle flower preparations?
REC-0149,HERB-0030,preparation,Can Japanese honeysuckle flower be used for sore throat or early wind-heat symptoms in traditional formulas or teas?
REC-0150,HERB-0030,safety_interaction,What side effects or problems can happen with Japanese honeysuckle flower tea or medicinal use?
REC-0150,HERB-0030,safety_interaction,Is it safe to use Jin Yin Hua during pregnancy or for babies?
REC-0150,HERB-0030,safety_interaction,"Are there any known medicine interactions with Lonicera japonica, or are they still unclear?"
REC-0150,HERB-0030,safety_interaction,"When should Japanese honeysuckle flower not be used on its own, like if someone has a serious infection?"
REC-0150,HERB-0030,safety_interaction,How do I tell if I’m buying the right kind of honeysuckle flower product and not a substituted or contaminated one?
REC-0151,HERB-0031,herb_profile,What is Forsythia fruit used for in traditional Chinese medicine?
REC-0151,HERB-0031,herb_profile,"Is there good human evidence that Forsythia fruit helps with colds, fever, or skin problems?"
REC-0151,HERB-0031,herb_profile,What side effects or safety issues should I know about with Lian Qiao?
REC-0151,HERB-0031,herb_profile,Who should avoid using Forsythia fruit without supervision?
REC-0151,HERB-0031,herb_profile,How can I tell if I’m buying the real medicinal Forsythia suspensa fruit and not just ornamental forsythia?
REC-0152,HERB-0031,use_case,What might Forsythia fruit be used for if I’m coming down with an early cold and have a sore throat?
REC-0152,HERB-0031,use_case,"Is there any good evidence that Lian Qiao helps with viral colds, or is it mostly traditional use?"
REC-0152,HERB-0031,use_case,How is Forsythia suspensa fruit usually used in practice for wind-heat type illnesses?
REC-0152,HERB-0031,use_case,"Are there any side effects or safety concerns with using forsythia fruit, especially for digestion or allergies?"
REC-0152,HERB-0031,use_case,"Who should avoid using Forsythia fruit without professional guidance, like during pregnancy or for a serious infection?"
REC-0153,HERB-0031,use_case,"Could Forsythia fruit help with swollen, tender skin lumps or boils?"
REC-0153,HERB-0031,use_case,What is Lian Qiao traditionally used for in Chinese medicine?
REC-0153,HERB-0031,use_case,Is there any modern evidence that Forsythia suspensa helps with skin swelling or inflamed lesions?
REC-0153,HERB-0031,use_case,"Are there any side effects or safety concerns with using Forsythia fruit, especially for pregnancy or children?"
REC-0153,HERB-0031,use_case,"How is Forsythia fruit usually taken, and should it be used on its own or only in a practitioner-made formula?"
REC-0154,HERB-0031,preparation,"How should Forsythia fruit be used if I want to make tea or a decoction, and is there a safe home recipe?"
REC-0154,HERB-0031,preparation,"What should I look for when buying Forsythia suspensa fruit in Canada, especially if it has an NPN?"
REC-0154,HERB-0031,preparation,"Can ornamental forsythia be used the same way as medicinal Forsythia fruit, or do I need the authenticated fruit?"
REC-0154,HERB-0031,preparation,"What are the main safety concerns with using Forsythia fruit, like stomach upset, allergies, or possible drug interactions?"
REC-0154,HERB-0031,preparation,"Who should avoid using Forsythia fruit without supervision, such as pregnant people, young children, or someone with a serious infection?"
REC-0155,HERB-0031,safety_interaction,"What are the main safety concerns with Forsythia fruit, like side effects or allergy risk?"
REC-0155,HERB-0031,safety_interaction,"Can I use Forsythia fruit during pregnancy, or should it be avoided?"
REC-0155,HERB-0031,safety_interaction,"Does Forsythia suspensa interact with any medicines, or are those interactions still unknown?"
REC-0155,HERB-0031,safety_interaction,Is it safe to give Forsythia fruit to young children or use it for a serious infection without supervision?
REC-0155,HERB-0031,safety_interaction,How can I make sure I'm buying the real medicinal Forsythia fruit and not just ornamental forsythia plant material?
REC-0156,HERB-0032,herb_profile,What is Platycodon root (Jie Geng) traditionally used for?
REC-0156,HERB-0032,herb_profile,"Is there good human evidence that Platycodon root helps with cough, sore throat, or respiratory infections?"
REC-0156,HERB-0032,herb_profile,What side effects or safety issues should I know about with Platycodon root?
REC-0156,HERB-0032,herb_profile,"Who should be careful about using Platycodon root, especially if they’re pregnant or have ulcers or bleeding problems?"
REC-0156,HERB-0032,herb_profile,"If I want to buy Platycodon root in Canada, what should I check to make sure it’s the real herb and properly approved?"
REC-0157,HERB-0032,use_case,What could help with a cough that has a lot of phlegm and chest congestion?
REC-0157,HERB-0032,use_case,How is Platycodon root traditionally used for coughs and mucus?
REC-0157,HERB-0032,use_case,Is there any modern clinical evidence that Jie Geng helps with cough treatment?
REC-0157,HERB-0032,use_case,"Are there any safety concerns with using Platycodon root, especially if someone has an ulcer or is pregnant?"
REC-0157,HERB-0032,use_case,What should I watch for if a product contains Platycodon grandiflorus root and I want to buy it in Canada?
REC-0158,HERB-0032,use_case,"Can Platycodon root help with a sore throat, or is the evidence still weak?"
REC-0158,HERB-0032,use_case,"What symptoms can Jie Geng be used for traditionally besides just a sore throat, like hoarseness or throat swelling?"
REC-0158,HERB-0032,use_case,"When would a sore throat with trouble swallowing, neck swelling, or breathing problems need urgent medical care instead of self-treatment?"
REC-0158,HERB-0032,use_case,"Are there any safety concerns with Platycodon grandiflorus if someone has ulcers, is pregnant, or has a bleeding disorder?"
REC-0158,HERB-0032,use_case,What should I watch out for when buying Platycodon root in Canada so I know it’s the right product?
REC-0159,HERB-0032,preparation,"How is Platycodon root usually prepared or used in practice, especially as a food or practitioner-chosen remedy?"
REC-0159,HERB-0032,preparation,What should I look for when buying Platycodon root in Canada to make sure it’s the real thing?
REC-0159,HERB-0032,preparation,"Is Platycodon grandiflorus root safe to use on my own, or should it only be used with practitioner guidance?"
REC-0159,HERB-0032,preparation,"What side effects or problems can happen with Platycodon root, especially if it’s used in a concentrated form?"
REC-0159,HERB-0032,preparation,"Are there any cautions with Platycodon root for people with ulcers, pregnancy, bleeding issues, or if they take anticoagulants or expectorants?"
REC-0160,HERB-0032,safety_interaction,What side effects or problems can platycodon root cause if it's used the wrong way?
REC-0160,HERB-0032,safety_interaction,Is Jie Geng safe to use during pregnancy or if someone has a bleeding disorder or ulcers?
REC-0160,HERB-0032,safety_interaction,Could platycodon root interact with blood thinners or expectorant medicines?
REC-0160,HERB-0032,safety_interaction,Do you need a practitioner’s guidance before using platycodon root as a medicinal herb?
REC-0160,HERB-0032,safety_interaction,"If I'm buying platycodon root in Canada, what should I check to make sure it's authentic and authorized?"
REC-0161,HERB-0033,herb_profile,What is Chuan Bei Mu usually used for in traditional Chinese medicine?
REC-0161,HERB-0033,herb_profile,Is there good evidence that Fritillaria bulb helps with cough in people?
REC-0161,HERB-0033,herb_profile,What side effects or safety problems can happen with Chuan Bei Mu?
REC-0161,HERB-0033,herb_profile,"Who should avoid using Fritillaria bulb, like during pregnancy or if someone has heart disease?"
REC-0161,HERB-0033,herb_profile,How can I make sure I’m buying the real Chuan Bei Mu and not a substitute like Zhe Bei Mu?
REC-0162,HERB-0033,use_case,What herbal remedy is traditionally used for a dry lingering cough with scant phlegm and throat dryness?
REC-0162,HERB-0033,use_case,"Can Chuan Bei Mu help with a dry cough that keeps hanging around, or is the clinical evidence weak?"
REC-0162,HERB-0033,use_case,When would a lingering cough need medical assessment instead of trying Fritillaria bulb on your own?
REC-0162,HERB-0033,use_case,Is it safe to use Chuan Bei Mu during pregnancy or for children?
REC-0162,HERB-0033,use_case,How can I tell if I'm buying the right Chuan Bei Mu in Canada and not a substitute species?
REC-0163,HERB-0033,use_case,"What could help with a thick phlegmy cough, and is Chuan Bei Mu one of the things people use for that?"
REC-0163,HERB-0033,use_case,I’ve heard Fritillaria bulb is used for coughs — what kind of cough is it traditionally used for?
REC-0163,HERB-0033,use_case,"Can Chuan Bei Mu be used for chest congestion with a lot of mucus, or is it more for dry coughs?"
REC-0163,HERB-0033,use_case,"Is there any real evidence that Fritillaria bulb helps with cough and phlegm, or is it mostly traditional use?"
REC-0163,HERB-0033,use_case,Are there any safety concerns or medication interactions I should know about before using Chuan Bei Mu for a cough?
REC-0164,HERB-0033,preparation,How is Chuan Bei Mu traditionally used in pear-based remedies or formulas for coughs?
REC-0164,HERB-0033,preparation,What should I look for when buying Fritillaria bulb (Chuan Bei Mu) in Canada?
REC-0164,HERB-0033,preparation,"Can the way Chuan Bei Mu is prepared, like tea, decoction, extract, or food, change its safety or effects?"
REC-0164,HERB-0033,preparation,"Is it safe to use Chuan Bei Mu on your own, or do you need professional guidance?"
REC-0164,HERB-0033,preparation,"Who should avoid Chuan Bei Mu because of risks like pregnancy, children, heart disease, or mixing it with certain medicines?"
REC-0165,HERB-0033,safety_interaction,What side effects or bad reactions can happen with Chuan Bei Mu?
REC-0165,HERB-0033,safety_interaction,Is Fritillaria bulb safe to use during pregnancy or for children?
REC-0165,HERB-0033,safety_interaction,"Can Chuan Bei Mu interact with heart medicines, blood pressure meds, or sedatives?"
REC-0165,HERB-0033,safety_interaction,Who should avoid using Chuan Bei Mu because of heart disease or uncertain species identity?
REC-0165,HERB-0033,safety_interaction,"If I want to buy Chuan Bei Mu in Canada, how can I make sure it’s the real product and not a substitute?"
REC-0166,HERB-0034,herb_profile,What is loquat leaf traditionally used for in Chinese medicine?
REC-0166,HERB-0034,herb_profile,Is there good evidence that loquat leaf helps with coughs or nausea?
REC-0166,HERB-0034,herb_profile,Why does loquat leaf need to be processed before use?
REC-0166,HERB-0034,herb_profile,What side effects or safety issues can happen with loquat leaf products?
REC-0166,HERB-0034,herb_profile,How should I check if a loquat leaf cough syrup is a proper product to buy in Canada?
REC-0167,HERB-0034,use_case,What is loquat leaf traditionally used for when someone has a cough or throat irritation?
REC-0167,HERB-0034,use_case,"Does loquat leaf have any modern evidence for helping with coughs, or is it mostly based on traditional use?"
REC-0167,HERB-0034,use_case,"Can loquat leaf help with a dry cough or phlegm, and how is it used safely in products?"
REC-0167,HERB-0034,use_case,"What are the main safety concerns with loquat leaf, especially if the leaves aren’t processed properly?"
REC-0167,HERB-0034,use_case,"Who should avoid using loquat leaf, and are there any cautions for pregnancy or young children?"
REC-0168,HERB-0034,use_case,Could loquat leaf help with nausea or reflux-type symptoms?
REC-0168,HERB-0034,use_case,What is loquat leaf traditionally used for when someone has stomach qi going the wrong way and vomiting?
REC-0168,HERB-0034,use_case,Is there any solid modern evidence that loquat leaf works for nausea or reflux?
REC-0168,HERB-0034,use_case,"What safety issues should I know about with loquat leaf, especially if the leaves are raw or not properly processed?"
REC-0168,HERB-0034,use_case,"Who should avoid using loquat leaf on their own, like pregnant people, young children, or anyone worried about severe vomiting or dehydration?"
REC-0169,HERB-0034,preparation,How is loquat leaf usually prepared or used in cough syrups or formulas?
REC-0169,HERB-0034,preparation,What should I watch for when buying loquat leaf products in Canada?
REC-0169,HERB-0034,preparation,"Is it safe to use raw loquat leaf tea at home, or should it be commercially processed first?"
REC-0169,HERB-0034,preparation,Why does the processing of loquat leaf matter for safety and effectiveness?
REC-0169,HERB-0034,preparation,"What are the main cautions with loquat leaf, especially around the seeds, pregnancy, or kids?"
REC-0170,HERB-0034,safety_interaction,What side effects or irritation can loquat leaf cause if it's used the wrong way?
REC-0170,HERB-0034,safety_interaction,"Who should avoid using loquat leaf, like during pregnancy or for kids?"
REC-0170,HERB-0034,safety_interaction,"Are there any known drug interactions with loquat leaf, or is that still unclear?"
REC-0170,HERB-0034,safety_interaction,Is it safe to use loquat leaf seeds or raw leaves I prepared myself?
REC-0170,HERB-0034,safety_interaction,How do I tell if a loquat leaf syrup or product is properly processed and safe to buy in Canada?
REC-0171,HERB-0035,herb_profile,What is kudzu root (Ge Gen) usually used for in traditional Chinese medicine?
REC-0171,HERB-0035,herb_profile,"Is there any good evidence that kudzu root helps with alcohol use, menopause symptoms, blood sugar, or neck pain?"
REC-0171,HERB-0035,herb_profile,What side effects or safety concerns should I know about with kudzu root?
REC-0171,HERB-0035,herb_profile,"Who should be careful about taking kudzu root, especially if they’re pregnant or have diabetes or hormone-sensitive conditions?"
REC-0171,HERB-0035,herb_profile,"If I’m buying kudzu root in Canada, how can I tell a food-grade starch from a medicinal supplement?"
REC-0172,HERB-0035,use_case,Could kudzu root help with a stiff neck when I'm coming down with a cold?
REC-0172,HERB-0035,use_case,What symptoms or situations make neck stiffness with an early cold more urgent to get checked out?
REC-0172,HERB-0035,use_case,What did traditional Chinese medicine use Ge Gen for besides neck and upper-back tightness?
REC-0172,HERB-0035,use_case,Is there any real human evidence that kudzu root works for this kind of cold-related neck stiffness?
REC-0172,HERB-0035,use_case,Are there any safety issues or medicine interactions I should know about before using kudzu root?
REC-0173,HERB-0035,use_case,Can kudzu root help cut down alcohol cravings or drinking?
REC-0173,HERB-0035,use_case,"Is there any evidence that kudzu works for reducing alcohol use, or is it just a traditional remedy?"
REC-0173,HERB-0035,use_case,What should I know about using kudzu if someone is dealing with alcohol withdrawal?
REC-0173,HERB-0035,use_case,"Are there any safety concerns with kudzu root, especially for people with diabetes, hormone-sensitive conditions, or liver disease?"
REC-0173,HERB-0035,use_case,"How is food-grade kudzu starch different from medicinal kudzu root extracts, and what should I check when buying it in Canada?"
REC-0174,HERB-0035,preparation,What's the difference between food-grade kudzu starch and medicinal kudzu root extracts?
REC-0174,HERB-0035,preparation,How should I check if a kudzu root product is a legit supplement in Canada?
REC-0174,HERB-0035,preparation,Is kudzu root considered safer as a food than as a medicinal product?
REC-0174,HERB-0035,preparation,What side effects or safety issues can happen with kudzu root preparations?
REC-0174,HERB-0035,preparation,Are there any conditions or medications that mean I should be careful with kudzu root?
REC-0175,HERB-0035,safety_interaction,What side effects or adverse reactions can kudzu root cause?
REC-0175,HERB-0035,safety_interaction,Is kudzu root safe to use during pregnancy or before surgery?
REC-0175,HERB-0035,safety_interaction,"What medicines might interact with kudzu root, like diabetes drugs, hormone therapy, blood thinners, or methotrexate?"
REC-0175,HERB-0035,safety_interaction,"Are there any health conditions where I should be careful with kudzu root, such as diabetes, liver problems, or hormone-sensitive issues?"
REC-0175,HERB-0035,safety_interaction,"Is food-grade kudzu starch the same as medicinal kudzu root extract, and is one safer for self-use?"
REC-0176,HERB-0036,herb_profile,"What is dandelion usually used for in traditional herbal medicine, and what parts of the plant are used?"
REC-0176,HERB-0036,herb_profile,"Is there good human evidence that dandelion helps with liver detox, digestion, diabetes, or cancer?"
REC-0176,HERB-0036,herb_profile,"What side effects can dandelion cause, and can it trigger allergies in people sensitive to ragweed?"
REC-0176,HERB-0036,herb_profile,"Who should be careful about using dandelion, especially if they have gallstones, kidney problems, are pregnant, or are dehydrated?"
REC-0176,HERB-0036,herb_profile,"What should I look for when buying dandelion in Canada, and how can I tell if a supplement is properly authorized?"
REC-0177,HERB-0036,use_case,"Could dandelion help with indigestion, bloating, or a poor appetite?"
REC-0177,HERB-0036,use_case,What is dandelion traditionally used for when it comes to digestion?
REC-0177,HERB-0036,use_case,Is there good modern evidence that dandelion works for dyspepsia?
REC-0177,HERB-0036,use_case,Are there any safety concerns with using dandelion if I have gallstones or a bile-duct blockage?
REC-0177,HERB-0036,use_case,What side effects or medication interactions should I know about before taking dandelion tea or supplements?
REC-0178,HERB-0036,use_case,"Can dandelion help with water retention or swelling, and what does the evidence say?"
REC-0178,HERB-0036,use_case,Why is dandelion considered a natural diuretic in herbal medicine?
REC-0178,HERB-0036,use_case,"Is it safe to use dandelion if someone has unexplained edema, or could that point to a more serious problem?"
REC-0178,HERB-0036,use_case,"What side effects or allergies can happen with dandelion, especially if you're sensitive to ragweed?"
REC-0178,HERB-0036,use_case,Are there any medications or health conditions that mean you should be careful with dandelion?
REC-0179,HERB-0036,preparation,How should I use dandelion safely as food or tea instead of trying a detox version?
REC-0179,HERB-0036,preparation,"What should I look for when buying dandelion products in Canada, especially if I want a supplement?"
REC-0179,HERB-0036,preparation,Are leaf and root dandelion products treated differently when it comes to preparation or use?
REC-0179,HERB-0036,preparation,"Can dandelion cause side effects like stomach upset, diarrhea, or more frequent urination?"
REC-0179,HERB-0036,preparation,"Who should be careful with dandelion, like people with gallstones, kidney issues, pregnancy, or ragweed allergy?"
REC-0180,HERB-0036,safety_interaction,"What side effects can dandelion cause, like stomach upset or diarrhea?"
REC-0180,HERB-0036,safety_interaction,Is dandelion safe to use if you have a ragweed allergy or are allergic to plants in that family?
REC-0180,HERB-0036,safety_interaction,"Can dandelion interact with medicines like lithium, diuretics, or diabetes drugs?"
REC-0180,HERB-0036,safety_interaction,"Who should be careful about using dandelion, especially people with kidney problems, gallstones, or during pregnancy?"
REC-0180,HERB-0036,safety_interaction,"Is it okay to use dandelion tea or supplements for their diuretic effect, or is that something that should be checked first?"
REC-0181,HERB-0037,herb_profile,What is milk thistle usually used for in herbal medicine?
REC-0181,HERB-0037,herb_profile,Does milk thistle actually help with liver problems like fatty liver or hepatitis?
REC-0181,HERB-0037,herb_profile,Are there any side effects or allergy concerns with milk thistle?
REC-0181,HERB-0037,herb_profile,"Is milk thistle safe to use if someone is pregnant, has diabetes, or has a ragweed allergy?"
REC-0181,HERB-0037,herb_profile,How do I choose a legit milk thistle product in Canada instead of a homemade seed tea?
REC-0182,HERB-0037,use_case,Can milk thistle be helpful for fatty liver or NAFLD?
REC-0182,HERB-0037,use_case,What does the evidence say about milk thistle for liver enzymes and liver support?
REC-0182,HERB-0037,use_case,"If someone has abnormal liver tests, is it safe to try milk thistle on their own?"
REC-0182,HERB-0037,use_case,"Are there any side effects or allergy concerns with milk thistle, especially for people sensitive to ragweed?"
REC-0182,HERB-0037,use_case,What kind of milk thistle product should you look for if you're buying it in Canada?
REC-0183,HERB-0037,use_case,Can milk thistle help protect the liver after alcohol use or from medication-related liver damage?
REC-0183,HERB-0037,use_case,What symptoms with possible liver injury mean someone should get urgent medical care instead of trying milk thistle?
REC-0183,HERB-0037,use_case,Is there any good evidence that milk thistle can prevent or treat toxic liver injury?
REC-0183,HERB-0037,use_case,"Who should be careful about using milk thistle, especially if they have diabetes, ragweed allergy, pregnancy, or active liver disease?"
REC-0183,HERB-0037,use_case,"What kind of milk thistle product should I look for if I want a liver-support supplement, and should I avoid homemade seed tea?"
REC-0184,HERB-0037,preparation,What’s the best way to use milk thistle if I’m looking for liver support?
REC-0184,HERB-0037,preparation,"Is homemade milk thistle seed tea good enough, or should I buy a standardized extract instead?"
REC-0184,HERB-0037,preparation,What should I check on a milk thistle supplement label in Canada to make sure it’s a legit product?
REC-0184,HERB-0037,preparation,"Are there any side effects or allergy concerns with milk thistle, especially for people sensitive to ragweed?"
REC-0184,HERB-0037,preparation,"Who should be careful with milk thistle because of pregnancy, diabetes, hormone-sensitive conditions, or liver disease?"
REC-0185,HERB-0037,safety_interaction,"What side effects can milk thistle cause, especially for people with ragweed allergies?"
REC-0185,HERB-0037,safety_interaction,Is milk thistle safe to use during pregnancy or if you have a hormone-sensitive condition?
REC-0185,HERB-0037,safety_interaction,Can milk thistle interact with diabetes medications or other drugs that are processed by the liver?
REC-0185,HERB-0037,safety_interaction,Should someone with abnormal liver tests or liver disease talk to a clinician before using milk thistle?
REC-0185,HERB-0037,safety_interaction,How do I tell if a milk thistle product is a proper licensed standardized extract instead of a homemade seed tea?
REC-0186,HERB-0038,herb_profile,"What is echinacea usually used for in herbal medicine, especially when a cold is just starting?"
REC-0186,HERB-0038,herb_profile,"Does echinacea actually help with colds, or is the evidence pretty weak?"
REC-0186,HERB-0038,herb_profile,What side effects or allergic reactions can happen with echinacea?
REC-0186,HERB-0038,herb_profile,"Who should be careful about taking echinacea, like people with allergies, autoimmune conditions, or pregnancy?"
REC-0186,HERB-0038,herb_profile,"If I’m buying echinacea in Canada, what should I check on the label or product before choosing it?"
REC-0187,HERB-0038,use_case,"Can echinacea help when a cold is just starting, like with a runny nose or sore throat?"
REC-0187,HERB-0038,use_case,What does the evidence say about using echinacea for common cold symptoms such as cough or an upper respiratory infection?
REC-0187,HERB-0038,use_case,"Is echinacea something you can use as extra support for a cold, or should it not replace seeing a doctor if symptoms get bad?"
REC-0187,HERB-0038,use_case,"What side effects can happen with echinacea, and are there any rare serious reactions to watch for?"
REC-0187,HERB-0038,use_case,"Who should avoid echinacea or be careful with it, especially if they have ragweed allergy, autoimmune disease, are pregnant, or take immunosuppressants?"
REC-0188,HERB-0038,use_case,"Can echinacea help prevent catching colds more often, or is the evidence for that pretty weak?"
REC-0188,HERB-0038,use_case,People say echinacea supports the immune system for cold prevention — is that actually backed by research?
REC-0188,HERB-0038,use_case,Is echinacea something you can use short term to reduce the chance of getting a cold?
REC-0188,HERB-0038,use_case,"Who should be careful about taking echinacea, especially if they have ragweed allergies, autoimmune disease, or are on immunosuppressants?"
REC-0188,HERB-0038,use_case,"If I’m buying an echinacea product in Canada, what should I check to make sure it’s a legitimate licensed product?"
REC-0189,HERB-0038,preparation,How should I choose an Echinacea product in Canada so I know it's properly authorized and labeled?
REC-0189,HERB-0038,preparation,"What should I check on an Echinacea supplement label, like the species, plant part, or NPN?"
REC-0189,HERB-0038,preparation,Is it okay to use Echinacea tea or extract for a short time when a cold is starting?
REC-0189,HERB-0038,preparation,"Are different forms of Echinacea, like tea versus extract, actually the same thing?"
REC-0189,HERB-0038,preparation,"Who should be careful with Echinacea because of allergies, autoimmune problems, pregnancy, or other medicines?"
REC-0190,HERB-0038,safety_interaction,What side effects or bad reactions can happen with echinacea?
REC-0190,HERB-0038,safety_interaction,"Who should be careful or avoid echinacea because of allergies, autoimmune problems, pregnancy, or liver issues?"
REC-0190,HERB-0038,safety_interaction,"Does echinacea interact with any medicines, like immunosuppressants or drugs processed by the liver?"
REC-0190,HERB-0038,safety_interaction,"Is echinacea something some adults can use short term on their own, or do you need to screen for safety first?"
REC-0190,HERB-0038,safety_interaction,"When buying echinacea in Canada, what should I check on the label or product to make sure it’s a legitimate licensed product?"
REC-0191,HERB-0039,herb_profile,What is elderberry usually used for in traditional European herbal medicine?
REC-0191,HERB-0039,herb_profile,"Does elderberry actually help with colds or flu-like symptoms, and how strong is the evidence?"
REC-0191,HERB-0039,herb_profile,"Is elderberry safe to take if it's raw or unripe, or can that cause side effects?"
REC-0191,HERB-0039,herb_profile,"Who should be careful with elderberry, like during pregnancy, with autoimmune conditions, or if they're on immune-suppressing medicines?"
REC-0191,HERB-0039,herb_profile,"When buying elderberry products in Canada, what should I check to make sure it's the right kind of product?"
REC-0192,HERB-0039,use_case,"Can elderberry help with a cold or flu-like illness, or is the evidence still pretty weak?"
REC-0192,HERB-0039,use_case,"What symptoms has elderberry traditionally been used for, like cough or feverish colds?"
REC-0192,HERB-0039,use_case,"Is elderberry something you should try if you think you might have influenza, especially if you're at higher risk?"
REC-0192,HERB-0039,use_case,What kind of elderberry product is safe to use — can I use cooked fruit or do I need a standardized extract?
REC-0192,HERB-0039,use_case,"What are the main safety concerns with elderberry, especially if it's raw or if someone is pregnant, a child, or has an autoimmune condition?"
REC-0193,HERB-0039,use_case,Can elderberry help with a sore throat or upper respiratory discomfort?
REC-0193,HERB-0039,use_case,What are the traditional uses of elderberry syrup for colds or flu-like symptoms?
REC-0193,HERB-0039,use_case,"Is there good evidence that elderberry actually treats sore throat, or is the benefit mostly from the syrup itself?"
REC-0193,HERB-0039,use_case,"What should I watch out for when using elderberry, especially with diabetes, kids, or pregnancy?"
REC-0193,HERB-0039,use_case,"How do I make sure an elderberry product is safe, and what parts of the plant should I avoid?"
REC-0194,HERB-0039,preparation,How should elderberry be prepared if I want to use it safely in a syrup or tea?
REC-0194,HERB-0039,preparation,"Can I use raw elderberries or the leaves and stems in homemade remedies, or are they unsafe?"
REC-0194,HERB-0039,preparation,"What should I look for when buying an elderberry product in Canada, especially if I want a medicinal one?"
REC-0194,HERB-0039,preparation,"Are there any people who should be careful with elderberry, like pregnant people, kids, or those with autoimmune conditions?"
REC-0194,HERB-0039,preparation,Does elderberry have any issues with immunosuppressant medications or other drug interactions?
REC-0195,HERB-0039,safety_interaction,Is elderberry safe to take if the berries or leaves are raw or not fully cooked?
REC-0195,HERB-0039,safety_interaction,What side effects or toxicity can elderberry cause if someone uses the wrong parts of the plant?
REC-0195,HERB-0039,safety_interaction,"Are there any people who should be extra careful with elderberry, like during pregnancy or if they have an autoimmune condition?"
REC-0195,HERB-0039,safety_interaction,Can elderberry interact with immunosuppressant medicines?
REC-0195,HERB-0039,safety_interaction,How should I choose a safe elderberry product instead of making a homemade raw preparation?
REC-0196,HERB-0040,herb_profile,"What is psyllium husk usually used for, and does it help with constipation or cholesterol?"
REC-0196,HERB-0040,herb_profile,"Is psyllium husk the same thing as Chinese Che Qian Zi, or are they different herbs?"
REC-0196,HERB-0040,herb_profile,What does the evidence say about psyllium husk for constipation and LDL cholesterol?
REC-0196,HERB-0040,herb_profile,What side effects or safety problems can happen if you use psyllium husk incorrectly?
REC-0196,HERB-0040,herb_profile,What should I look for when buying psyllium husk in Canada?
REC-0197,HERB-0040,use_case,What can help with constipation when stools are hard and bowel movements are irregular?
REC-0197,HERB-0040,use_case,"How does psyllium husk work for constipation, and is there good evidence that it helps?"
REC-0197,HERB-0040,use_case,"What should I watch out for before using psyllium husk for constipation, especially if I have severe belly pain or trouble swallowing?"
REC-0197,HERB-0040,use_case,Can psyllium husk affect the absorption of my other medicines?
REC-0197,HERB-0040,use_case,"How should psyllium husk be taken so it’s used safely, and what happens if you swallow it without enough liquid?"
REC-0198,HERB-0040,use_case,Can psyllium husk help lower LDL cholesterol a little as part of a heart-healthy diet?
REC-0198,HERB-0040,use_case,What is psyllium husk usually used for when it comes to cholesterol and cardiovascular risk?
REC-0198,HERB-0040,use_case,Is psyllium husk more of a soluble fiber supplement than a traditional Chinese medicine herb?
REC-0198,HERB-0040,use_case,"What side effects or risks should I know about with psyllium husk, especially if I don't take enough fluid?"
REC-0198,HERB-0040,use_case,"Can psyllium husk interfere with the absorption of my medicines, and should I separate the timing?"
REC-0199,HERB-0040,preparation,How should psyllium husk be taken so it’s safe to use?
REC-0199,HERB-0040,preparation,"What’s the difference between psyllium husk as a powder, capsule, or food ingredient?"
REC-0199,HERB-0040,preparation,What side effects or problems can happen if you use psyllium husk the wrong way?
REC-0199,HERB-0040,preparation,"Who should avoid psyllium husk, especially if they have trouble swallowing or a bowel blockage?"
REC-0199,HERB-0040,preparation,"What should I check for when buying psyllium husk in Canada, like NPN or product labeling?"
REC-0200,HERB-0040,safety_interaction,What side effects can psyllium husk cause if you don’t take it with enough fluid?
REC-0200,HERB-0040,safety_interaction,"Who should avoid using psyllium husk, like people with swallowing problems or a bowel blockage?"
REC-0200,HERB-0040,safety_interaction,Can psyllium husk interfere with prescription or over-the-counter medicines?
REC-0200,HERB-0040,safety_interaction,What’s the safest way to take psyllium husk so you don’t choke or get a blockage?
REC-0200,HERB-0040,safety_interaction,How do I know if a psyllium husk product sold in Canada is legitimate and properly authorized?
REC-0201,HERB-0041,herb_profile,What is white atractylodes (Bai Zhu) traditionally used for?
REC-0201,HERB-0041,herb_profile,Is there good clinical evidence that Atractylodes macrocephala works for its usual traditional uses?
REC-0201,HERB-0041,herb_profile,What side effects or allergic reactions can white atractylodes cause?
REC-0201,HERB-0041,herb_profile,"Are there any cautions about using Bai Zhu during pregnancy, dehydration, or if symptoms keep going?"
REC-0201,HERB-0041,herb_profile,What should I look for when buying white atractylodes in Canada as a natural health product?
REC-0202,HERB-0041,use_case,"What herb is sometimes used for poor appetite and loose stool, especially when there’s bloating or fatigue too?"
REC-0202,HERB-0041,use_case,How is white atractylodes traditionally viewed in Chinese medicine for digestion problems like weak appetite and loose stools?
REC-0202,HERB-0041,use_case,Is there any good clinical evidence that Bai Zhu helps digestive symptoms?
REC-0202,HERB-0041,use_case,"What side effects or safety issues should I know about with white atractylodes, especially if I’m pregnant or dehydrated?"
REC-0202,HERB-0041,use_case,"If I want to buy white atractylodes in Canada, what should I look for to make sure it’s an authentic product?"
REC-0203,HERB-0041,use_case,What can white atractylodes be used for if someone has fluid retention or mild edema?
REC-0203,HERB-0041,use_case,Is there any solid evidence that Bai Zhu helps with swelling or water retention on its own?
REC-0203,HERB-0041,use_case,What traditional Chinese medicine pattern is white atractylodes associated with besides fluid retention?
REC-0203,HERB-0041,use_case,Are there any side effects or safety concerns with using white atractylodes?
REC-0203,HERB-0041,use_case,When should someone avoid self-treating edema with white atractylodes and get medical help instead?
REC-0204,HERB-0041,preparation,How do I know if a White atractylodes product is the right processed rhizome form before using it?
REC-0204,HERB-0041,preparation,"What should I check when buying Bai Zhu in Canada, especially if it's sold as a natural health product?"
REC-0204,HERB-0041,preparation,Is there a difference between a decoction and a licensed extract for White atractylodes?
REC-0204,HERB-0041,preparation,What side effects or cautions should I know about before using Atractylodes macrocephala?
REC-0204,HERB-0041,preparation,"Can White atractylodes interact with diuretics or blood sugar medicines, and is it something I should use on my own?"
REC-0205,HERB-0041,safety_interaction,What side effects can white atractylodes cause if someone takes it as an herbal remedy?
REC-0205,HERB-0041,safety_interaction,Is white atractylodes something you should avoid during pregnancy or if you're badly dehydrated?
REC-0205,HERB-0041,safety_interaction,Can white atractylodes interact with water pills or diabetes medications?
REC-0205,HERB-0041,safety_interaction,When would it be a bad idea to try white atractylodes on your own and get professional advice instead?
REC-0205,HERB-0041,safety_interaction,"If I’m buying white atractylodes in Canada, what should I check on the label or product details to make sure it’s legitimate?"
REC-0206,HERB-0042,herb_profile,What is Poria (Fu Ling) traditionally used for in Chinese medicine?
REC-0206,HERB-0042,herb_profile,"Does poria have much modern research behind it, or is the evidence still limited?"
REC-0206,HERB-0042,herb_profile,What kinds of side effects or safety concerns can poria cause?
REC-0206,HERB-0042,herb_profile,Are there any medications or health conditions that mean I should be careful using poria?
REC-0206,HERB-0042,herb_profile,"How should I look for a good poria product in Canada, and what should be on the label?"
REC-0207,HERB-0042,use_case,Could Poria help with mild fluid retention or a feeling of heaviness?
REC-0207,HERB-0042,use_case,What is Poria traditionally used for when someone has dampness and needs to urinate more?
REC-0207,HERB-0042,use_case,Is there good modern evidence that Poria works for edema or swelling?
REC-0207,HERB-0042,use_case,"Are there any safety concerns with using Poria if someone has kidney disease, dehydration, or is pregnant?"
REC-0207,HERB-0042,use_case,Can Poria interact with diuretics or other medicines that affect fluid balance?
REC-0208,HERB-0042,use_case,Could Poria help with trouble sleeping and feeling restless at night?
REC-0208,HERB-0042,use_case,Is there any evidence that Fu Ling works on its own for insomnia?
REC-0208,HERB-0042,use_case,What kind of traditional use does Poria have for calming the mind or spirit?
REC-0208,HERB-0042,use_case,What safety concerns should I know about before using Wolfiporia cocos if I have kidney disease or take diuretics?
REC-0208,HERB-0042,use_case,"How should Poria be prepared or purchased if I want to use it in a safe, practitioner-guided formula?"
REC-0209,HERB-0042,preparation,How should Poria be prepared or used if I want to avoid products with uncertain identity?
REC-0209,HERB-0042,preparation,"What should I look for when buying Fu Ling in Canada to make sure it's a real, good-quality product?"
REC-0209,HERB-0042,preparation,"Are there different preparation forms for Poria, like decoction, powder, or extracts, and does the form matter?"
REC-0209,HERB-0042,preparation,"Is it safe to use Poria on my own, or should it be used with guidance from a practitioner?"
REC-0209,HERB-0042,preparation,"What safety issues should I know about with Poria, especially if I have dehydration, kidney problems, or take diuretics?"
REC-0210,HERB-0042,safety_interaction,What safety issues should I know about before using Poria or Fu Ling?
REC-0210,HERB-0042,safety_interaction,Can Poria cause any side effects or allergic reactions?
REC-0210,HERB-0042,safety_interaction,Is Fu Ling safe to use if someone is pregnant or has kidney disease?
REC-0210,HERB-0042,safety_interaction,Does Poria interact with diuretics or other medicines that affect fluid balance?
REC-0210,HERB-0042,safety_interaction,What should I check when buying Poria in Canada to make sure it's a legitimate product?
REC-0211,HERB-0043,herb_profile,"What is Codonopsis root, and what’s it traditionally used for?"
REC-0211,HERB-0043,herb_profile,"Can Codonopsis root help with fatigue, weak appetite, or recovery?"
REC-0211,HERB-0043,herb_profile,What does the evidence say about Codonopsis pilosula in humans?
REC-0211,HERB-0043,herb_profile,Are there any side effects or safety concerns with taking Codonopsis root?
REC-0211,HERB-0043,herb_profile,How do I know if a Codonopsis root product is a good one to buy in Canada?
REC-0212,HERB-0043,use_case,What can Codonopsis root be used for if someone has tiredness or low energy?
REC-0212,HERB-0043,use_case,"Is Dang Shen traditionally used for recovery or weak appetite, and how does that relate to fatigue?"
REC-0212,HERB-0043,use_case,How strong is the modern evidence for Codonopsis pilosula for fatigue?
REC-0212,HERB-0043,use_case,What side effects or safety concerns should I know about before trying Codonopsis root?
REC-0212,HERB-0043,use_case,"Can Codonopsis root interact with blood thinners, diabetes medicines, or immune-suppressing drugs?"
REC-0213,HERB-0043,use_case,"What could help if someone has a poor appetite and weak digestion, especially with loose stool?"
REC-0213,HERB-0043,use_case,"How is Codonopsis root traditionally used for qi deficiency, fatigue, and low appetite?"
REC-0213,HERB-0043,use_case,Is there good modern clinical evidence that Dang Shen actually helps appetite or digestion?
REC-0213,HERB-0043,use_case,"What side effects or safety concerns can Codonopsis pilosula cause, especially for pregnancy, autoimmune disease, or surgery?"
REC-0213,HERB-0043,use_case,What should I look for when buying Codonopsis root in Canada so I know it’s a proper licensed product?
REC-0214,HERB-0043,preparation,How should Codonopsis root be prepared if someone wants to use it as a remedy?
REC-0214,HERB-0043,preparation,What should I check when buying Dang Shen in Canada to make sure it’s a real licensed product?
REC-0214,HERB-0043,preparation,Is a concentrated Codonopsis extract the same thing as using the herb as food or in a traditional formula?
REC-0214,HERB-0043,preparation,"What are the main safety concerns with Codonopsis root, especially for pregnancy or before surgery?"
REC-0214,HERB-0043,preparation,"Can Codonopsis root interact with blood thinners, diabetes medicines, or immune-related medications?"
REC-0215,HERB-0043,safety_interaction,"Is Codonopsis root safe to use if I'm pregnant, or should I avoid it?"
REC-0215,HERB-0043,safety_interaction,"What side effects can Dang Shen cause, like nausea or headaches?"
REC-0215,HERB-0043,safety_interaction,Can Codonopsis pilosula interact with blood thinners or antiplatelet medicines?
REC-0215,HERB-0043,safety_interaction,Is it okay to use Codonopsis root if I have an autoimmune condition or I'm getting surgery soon?
REC-0215,HERB-0043,safety_interaction,What should I watch for when buying Codonopsis root in Canada so I get the real product?
REC-0216,HERB-0044,herb_profile,"What is dwarf lilyturf root, and what plant part is used for it?"
REC-0216,HERB-0044,herb_profile,"What kinds of traditional problems is Mai Men Dong usually associated with, like dryness or dry cough?"
REC-0216,HERB-0044,herb_profile,"What does the modern evidence say about Ophiopogon japonicus, especially when it's used in formulas?"
REC-0216,HERB-0044,herb_profile,"Are there any side effects or safety concerns with dwarf lilyturf root, especially for pregnancy or chronic diarrhea?"
REC-0216,HERB-0044,herb_profile,"If I’m buying dwarf lilyturf root in Canada, what should I check on the label or product information?"
REC-0217,HERB-0044,use_case,"What natural remedy is traditionally used for a dry, irritating cough with a dry throat and little sputum?"
REC-0217,HERB-0044,use_case,Could dwarf lilyturf root help with dry cough and thirst caused by dryness or depleted fluids?
REC-0217,HERB-0044,use_case,What does the evidence say about using Mai Men Dong by itself for a dry cough?
REC-0217,HERB-0044,use_case,"Are there any side effects or safety concerns with dwarf lilyturf root, especially if someone has pregnancy, chronic diarrhea, or a cough that won't go away?"
REC-0217,HERB-0044,use_case,"How should I choose a dwarf lilyturf root product in Canada, and what should I look for on the label?"
REC-0218,HERB-0044,use_case,What natural remedy is traditionally used for dry mouth and thirst or fluid depletion?
REC-0218,HERB-0044,use_case,Could dwarf lilyturf root help if I'm having a really dry mouth and feeling thirsty all the time?
REC-0218,HERB-0044,use_case,What is Mai Men Dong usually used for in traditional Chinese medicine when someone has dryness symptoms?
REC-0218,HERB-0044,use_case,Is there any modern research on Ophiopogon japonicus for relieving thirst or dry mouth?
REC-0218,HERB-0044,use_case,Are there any cautions or side effects I should know about before using dwarf lilyturf root for dryness and thirst?
REC-0219,HERB-0044,preparation,How can I tell if dwarf lilyturf root is the right product form to buy?
REC-0219,HERB-0044,preparation,What should I check on a Canadian label when buying Mai Men Dong or dwarf lilyturf root?
REC-0219,HERB-0044,preparation,Is dwarf lilyturf root usually prepared as a decoction or as a licensed extract?
REC-0219,HERB-0044,preparation,What safety issues should I know before using dwarf lilyturf root myself?
REC-0219,HERB-0044,preparation,"Should I be cautious about using dwarf lilyturf root if I have chronic diarrhea, am pregnant, or take diabetes or heart medicines?"
REC-0220,HERB-0044,safety_interaction,"What side effects can happen with dwarf lilyturf root, like stomach upset or an allergic reaction?"
REC-0220,HERB-0044,safety_interaction,Is Mai Men Dong safe to use if someone is pregnant or has chronic diarrhea?
REC-0220,HERB-0044,safety_interaction,Does dwarf lilyturf root interact with diabetes medicines or heart medicines?
REC-0220,HERB-0044,safety_interaction,Should I be careful using Ophiopogon japonicus if I have an unexplained persistent cough?
REC-0220,HERB-0044,safety_interaction,What should I check when buying dwarf lilyturf root in Canada to make sure it’s the right product?
REC-0221,HERB-0045,herb_profile,What is Glehnia root usually used for in traditional Chinese medicine?
REC-0221,HERB-0045,herb_profile,"Could Glehnia root help with dry cough, thirst, or dryness in the lungs and stomach?"
REC-0221,HERB-0045,herb_profile,What do we know about the modern evidence for using Bei Sha Shen on its own?
REC-0221,HERB-0045,herb_profile,"Are there any side effects or safety concerns with Glehnia root, especially for people with carrot-family allergies or who are pregnant?"
REC-0221,HERB-0045,herb_profile,"How can I tell if I’m buying a real Glehnia root product, and what should I check on the label?"
REC-0222,HERB-0045,use_case,What natural remedy is traditionally used for a dry cough with throat irritation and hoarseness?
REC-0222,HERB-0045,use_case,"Could Glehnia root help with a dry throat or dry cough, and what does the evidence say?"
REC-0222,HERB-0045,use_case,What is Bei Sha Shen used for in traditional Chinese medicine when the lungs or stomach are dry?
REC-0222,HERB-0045,use_case,"Are there any safety concerns with Glehnia root, especially for people with carrot-family allergies or during pregnancy?"
REC-0222,HERB-0045,use_case,How can I make sure I’m buying the right Glehnia root product instead of something sold under a similar name?
REC-0223,HERB-0045,use_case,"What herb is traditionally used for dryness after being sick, especially if someone has a dry mouth and feels thirsty during recovery?"
REC-0223,HERB-0045,use_case,"Is Glehnia root used for lung or stomach dryness, dry cough, or thirst in traditional Chinese medicine?"
REC-0223,HERB-0045,use_case,What does the modern evidence say about using Bei Sha Shen for dryness after illness?
REC-0223,HERB-0045,use_case,"Are there any safety concerns with Glehnia root, like stomach upset, allergies, or using it during pregnancy?"
REC-0223,HERB-0045,use_case,How can I make sure I’m buying the right Glehnia root product and not a lookalike or a product just labeled sha shen?
REC-0224,HERB-0045,preparation,How should Glehnia root be prepared or used if I want a decoction or powder form?
REC-0224,HERB-0045,preparation,What should I check when buying Bei Sha Shen so I know it's the real Glehnia root and not a similar herb?
REC-0224,HERB-0045,preparation,"Are there any safety concerns with Glehnia root, especially if someone is pregnant or has an Apiaceae allergy?"
REC-0224,HERB-0045,preparation,Can Glehnia root affect how oral medicines are absorbed?
REC-0224,HERB-0045,preparation,"If I'm in Canada, what labels or quality information should a legitimate Glehnia root product have?"
REC-0225,HERB-0045,safety_interaction,What side effects or allergic reactions can happen with Glehnia root?
REC-0225,HERB-0045,safety_interaction,"Who should be careful about using Bei Sha Shen, especially if they're pregnant or have an Apiaceae family allergy?"
REC-0225,HERB-0045,safety_interaction,Can Glehnia root affect how oral medications are absorbed?
REC-0225,HERB-0045,safety_interaction,Is it a bad idea to use this herb if you have a persistent or severe cough?
REC-0225,HERB-0045,safety_interaction,What should I check before buying Glehnia root products in Canada?
REC-0226,HERB-0046,herb_profile,What is Chinese figwort root used for in traditional Chinese medicine?
REC-0226,HERB-0046,herb_profile,What does the evidence say about Chinese figwort root for throat discomfort or other heat-related problems?
REC-0226,HERB-0046,herb_profile,Are there any side effects or safety concerns with taking Xuan Shen?
REC-0226,HERB-0046,herb_profile,"Who should be careful or avoid Chinese figwort root, especially during pregnancy or if they have stomach or neck issues?"
REC-0226,HERB-0046,herb_profile,How do you choose a safe Chinese figwort root product in Canada?
REC-0227,HERB-0046,use_case,What herb is traditionally used for a sore throat with dryness or hoarseness?
REC-0227,HERB-0046,use_case,"Can Chinese figwort root help with a sore throat, and what does the modern evidence say?"
REC-0227,HERB-0046,use_case,What kinds of throat symptoms is Xuan Shen associated with in traditional use?
REC-0227,HERB-0046,use_case,Are there any side effects or allergy risks with Chinese figwort root?
REC-0227,HERB-0046,use_case,When should someone get medical help instead of trying this herb for throat problems?
REC-0228,HERB-0046,use_case,What herbal remedy is sometimes used for dry mouth and thirst when the pattern involves heat and dryness?
REC-0228,HERB-0046,use_case,"Can Chinese figwort root help with dry mouth, or is the evidence for it still limited?"
REC-0228,HERB-0046,use_case,"Why is Xuan Shen traditionally used when someone has dry mouth, irritability, or a sore throat?"
REC-0228,HERB-0046,use_case,What side effects or cautions should I know about before using Chinese figwort root for dry mouth?
REC-0228,HERB-0046,use_case,"If I want to buy Chinese figwort root in Canada, what should I check on the product label or packaging?"
REC-0229,HERB-0046,preparation,How do I know if Chinese figwort root is the right herbal product to buy for making a decoction or formula?
REC-0229,HERB-0046,preparation,What should I check on a Chinese figwort root product in Canada to make sure it’s authentic and properly labeled?
REC-0229,HERB-0046,preparation,Is there a difference between a licensed extract and a decoction made from Chinese figwort root?
REC-0229,HERB-0046,preparation,What kind of quality or processing details should I verify before using Xuan Shen?
REC-0229,HERB-0046,preparation,Do I need practitioner guidance before using Chinese figwort root for throat discomfort or other heat-related symptoms?
REC-0230,HERB-0046,safety_interaction,"What are the main safety concerns with Chinese figwort root, like side effects or allergies?"
REC-0230,HERB-0046,safety_interaction,Is Chinese figwort root safe to use during pregnancy or if someone has chronic diarrhea?
REC-0230,HERB-0046,safety_interaction,Can Xuan Shen interact with diabetes medicines or blood sugar-lowering drugs?
REC-0230,HERB-0046,safety_interaction,Why should someone get professional advice before using Chinese figwort root on their own?
REC-0230,HERB-0046,safety_interaction,What should I check when buying Chinese figwort root in Canada to make sure it’s a legitimate product?
REC-0231,HERB-0047,herb_profile,What is Anemarrhena rhizome (Zhi Mu) traditionally used for?
REC-0231,HERB-0047,herb_profile,Is there good modern evidence for using Zhi Mu on its own for fever or metabolic problems?
REC-0231,HERB-0047,herb_profile,What side effects or safety concerns are linked to Anemarrhena asphodeloides rhizome?
REC-0231,HERB-0047,herb_profile,"Who should avoid using Zhi Mu without supervision, especially around pregnancy or chronic diarrhea?"
REC-0231,HERB-0047,herb_profile,"If I’m buying Anemarrhena rhizome in Canada, what should I check on the product label or supplier information?"
REC-0232,HERB-0047,use_case,What natural remedy is traditionally used for a feverish feeling with thirst and dryness?
REC-0232,HERB-0047,use_case,"Is Anemarrhena rhizome actually supported by modern evidence for treating fever, or is the evidence weak?"
REC-0232,HERB-0047,use_case,What should I know about using Zhi Mu if I have ongoing or unexplained fever?
REC-0232,HERB-0047,use_case,"Are there any safety concerns with Anemarrhena asphodeloides, like stomach upset, diarrhea, or allergy?"
REC-0232,HERB-0047,use_case,Can Anemarrhena rhizome interact with diabetes medicines or be a problem during pregnancy?
REC-0233,HERB-0047,use_case,What might help with menopausal hot flashes and night sweats in traditional Chinese medicine?
REC-0233,HERB-0047,use_case,Is Anemarrhena rhizome ever used for dryness or thirst related to heat patterns?
REC-0233,HERB-0047,use_case,What does the evidence say about using Zhi Mu on its own for menopausal hot sensations?
REC-0233,HERB-0047,use_case,Are there any side effects or risks I should know about with Anemarrhena asphodeloides?
REC-0233,HERB-0047,use_case,Can you use this herb if you're pregnant or taking diabetes medicines?
REC-0234,HERB-0047,preparation,How should Anemarrhena rhizome be prepared for use in a formula?
REC-0234,HERB-0047,preparation,What should I check when buying Anemarrhena rhizome in Canada?
REC-0234,HERB-0047,preparation,"Is Zhi Mu something I can use on my own, or should it only be used with a practitioner?"
REC-0234,HERB-0047,preparation,What side effects or problems can Anemarrhena rhizome cause?
REC-0234,HERB-0047,preparation,"Are there any situations where I should avoid using Anemarrhena rhizome, like pregnancy or diabetes medicines?"
REC-0235,HERB-0047,safety_interaction,"What side effects can Anemarrhena rhizome cause, like stomach upset or allergic reactions?"
REC-0235,HERB-0047,safety_interaction,"Is Zhi Mu safe to use if someone is pregnant, has chronic diarrhea, or has a fever that hasn't been explained?"
REC-0235,HERB-0047,safety_interaction,Can Anemarrhena asphodeloides interact with diabetes medications or lower blood sugar too much?
REC-0235,HERB-0047,safety_interaction,Should Anemarrhena rhizome be used without a healthcare professional's guidance?
REC-0235,HERB-0047,safety_interaction,What should I check when buying Anemarrhena rhizome in Canada to make sure it's the right product?
REC-0236,HERB-0048,herb_profile,What is Amur cork tree bark (Huang Bai) traditionally used for?
REC-0236,HERB-0048,herb_profile,Is there much modern evidence for using Phellodendron amurense bark on its own?
REC-0236,HERB-0048,herb_profile,What side effects or safety issues are associated with Huang Bai?
REC-0236,HERB-0048,herb_profile,"Who should avoid Amur cork tree bark, especially when it comes to pregnancy or breastfeeding?"
REC-0236,HERB-0048,herb_profile,What should I check if I'm buying Amur cork tree bark in Canada?
REC-0237,HERB-0048,use_case,What could help with diarrhea when it’s part of a damp-heat pattern?
REC-0237,HERB-0048,use_case,Is Amur cork tree bark used traditionally for diarrhea or abdominal discomfort?
REC-0237,HERB-0048,use_case,What does the evidence say about using Huang Bai on its own for diarrhea?
REC-0237,HERB-0048,use_case,Are there any safety concerns with using Phellodendron amurense bark for digestive issues?
REC-0237,HERB-0048,use_case,When should diarrhea be treated by a doctor instead of trying a remedy like this?
REC-0238,HERB-0048,use_case,"What can help with skin irritation that comes with itching and redness, especially if it seems like a damp-heat pattern?"
REC-0238,HERB-0048,use_case,How is Amur cork tree bark traditionally used for skin symptoms?
REC-0238,HERB-0048,use_case,Is there any modern evidence that Huang Bai works for skin irritation?
REC-0238,HERB-0048,use_case,Are there any safety concerns with using Amur cork tree bark on broken or infected skin?
REC-0238,HERB-0048,use_case,"Who should avoid Huang Bai, and what medicines might it interact with?"
REC-0239,HERB-0048,preparation,How should I check whether Amur cork tree bark is the right product before using it?
REC-0239,HERB-0048,preparation,"What kind of form is Huang Bai usually prepared as, and do I need a special extract or decoction?"
REC-0239,HERB-0048,preparation,"If I'm buying Amur cork tree bark in Canada, what should I look for on the label or packaging?"
REC-0239,HERB-0048,preparation,"Is it safe to use Amur cork tree bark on my own, or should it only be used with professional guidance?"
REC-0239,HERB-0048,preparation,What safety issues or medicine interactions should I know about before taking Phellodendron amurense bark?
REC-0240,HERB-0048,safety_interaction,"Is Amur cork tree bark safe to use on your own, or should it be reviewed by a professional first?"
REC-0240,HERB-0048,safety_interaction,What side effects can Huang Bai cause?
REC-0240,HERB-0048,safety_interaction,"Who should avoid Amur cork tree bark, especially around pregnancy, breastfeeding, or newborns?"
REC-0240,HERB-0048,safety_interaction,"What medicines can Amur cork tree bark interact with, like cyclosporine or blood thinners?"
REC-0240,HERB-0048,safety_interaction,"If I'm buying Phellodendron amurense bark in Canada, what should I check on the label or product quality?"
REC-0241,HERB-0049,herb_profile,What is Chinese skullcap root used for in traditional Chinese medicine?
REC-0241,HERB-0049,herb_profile,"Is there any modern research on Chinese skullcap root, and is it strong enough for self-treatment?"
REC-0241,HERB-0049,herb_profile,What side effects or safety concerns are known for Huang Qin?
REC-0241,HERB-0049,herb_profile,"Who should be careful about using Chinese skullcap root, especially if they have liver disease, are pregnant, or have autoimmune issues?"
REC-0241,HERB-0049,herb_profile,How do I make sure I’m buying the right Scutellaria baicalensis product in Canada and not a different skullcap species?
REC-0242,HERB-0049,use_case,Could Chinese skullcap root help with seasonal allergies or stuffy nose symptoms?
REC-0242,HERB-0049,use_case,What is Huang Qin traditionally used for when someone has heat or inflammation-type respiratory problems?
REC-0242,HERB-0049,use_case,How strong is the evidence for Chinese skullcap root for allergy symptoms?
REC-0242,HERB-0049,use_case,"Are there any safety concerns with using Scutellaria baicalensis, like nausea, dizziness, or liver issues?"
REC-0242,HERB-0049,use_case,"Who should be careful or avoid using Chinese skullcap root, especially if they have liver disease, are pregnant, or take sedatives or blood thinners?"
REC-0243,HERB-0049,use_case,"What herbs are traditionally used for damp-heat diarrhea, especially Chinese skullcap root?"
REC-0243,HERB-0049,use_case,Could Chinese skullcap root help with diarrhea that feels like heat or inflammation?
REC-0243,HERB-0049,use_case,Is there any modern evidence that Scutellaria baicalensis works for diarrhea?
REC-0243,HERB-0049,use_case,When should I not try to treat diarrhea myself with Chinese skullcap root?
REC-0243,HERB-0049,use_case,"What safety issues should I know about before using Huang Qin for diarrhea, like side effects, pregnancy, or liver problems?"
REC-0244,HERB-0049,preparation,How should I make sure I’m buying the right Chinese skullcap root product and not a different skullcap species?
REC-0244,HERB-0049,preparation,"What kinds of forms does Huang Qin come in, like decoctions or extracts?"
REC-0244,HERB-0049,preparation,"If I’m looking for Chinese skullcap root in Canada, what quality or label details should I check before buying it?"
REC-0244,HERB-0049,preparation,Are there any safety concerns or side effects with using Scutellaria baicalensis root?
REC-0244,HERB-0049,preparation,"Who should be extra careful before using Chinese skullcap root, especially if they have liver problems, are pregnant, or take other medications?"
REC-0245,HERB-0049,safety_interaction,What safety issues should I know about Chinese skullcap root before using it as a remedy?
REC-0245,HERB-0049,safety_interaction,"Can Huang Qin cause side effects like nausea, dizziness, or liver problems?"
REC-0245,HERB-0049,safety_interaction,"Is Chinese skullcap root safe to use if someone has liver disease, is pregnant, or has an autoimmune condition?"
REC-0245,HERB-0049,safety_interaction,"What medicines might Chinese skullcap root interact with, like sedatives or blood thinners?"
REC-0245,HERB-0049,safety_interaction,What should I check when buying Chinese skullcap root in Canada to make sure it’s a legit product?
REC-0246,HERB-0050,herb_profile,What is Chinese goldthread (Huang Lian) traditionally used for?
REC-0246,HERB-0050,herb_profile,"What does the modern evidence say about Chinese goldthread or berberine products for things like blood sugar, cholesterol, or diarrhea?"
REC-0246,HERB-0050,herb_profile,"Are there any important safety concerns with Chinese goldthread, especially side effects or who should avoid it?"
REC-0246,HERB-0050,herb_profile,"Can Chinese goldthread interact with medicines like blood thinners, diabetes drugs, or cyclosporine?"
REC-0246,HERB-0050,herb_profile,"If I'm buying Chinese goldthread in Canada, what should I look for to make sure it's a legitimate product?"
REC-0247,HERB-0050,use_case,"Could Chinese goldthread help with acute diarrhea, especially when it seems related to damp-heat?"
REC-0247,HERB-0050,use_case,What kinds of symptoms or patterns is Huang Lian traditionally used for besides diarrhea?
REC-0247,HERB-0050,use_case,Is there any modern evidence that berberine from Coptis chinensis works for diarrhea?
REC-0247,HERB-0050,use_case,When should someone with diarrhea get medical care instead of trying Chinese goldthread on their own?
REC-0247,HERB-0050,use_case,"Are there any safety concerns or medicine interactions with Chinese goldthread, especially for pregnancy or liver problems?"
REC-0248,HERB-0050,use_case,Can Chinese goldthread be used to help with high blood sugar or metabolic health?
REC-0248,HERB-0050,use_case,What does the evidence say about berberine from Huang Lian for blood glucose support?
REC-0248,HERB-0050,use_case,What traditional uses is Chinese goldthread associated with besides blood sugar support?
REC-0248,HERB-0050,use_case,Is it safe to take Chinese goldthread with diabetes medicine or other prescription drugs?
REC-0248,HERB-0050,use_case,"Who should avoid Huang Lian, and what side effects or cautions should I know about?"
REC-0249,HERB-0050,preparation,How should Chinese goldthread be prepared if someone is buying it as a herbal product?
REC-0249,HERB-0050,preparation,What should I check on a Chinese goldthread product label in Canada before using it?
REC-0249,HERB-0050,preparation,"Is it safe to use Chinese goldthread on my own, or should it be practitioner-guided?"
REC-0249,HERB-0050,preparation,"What kinds of product forms are used for Chinese goldthread, like decoctions or extracts?"
REC-0249,HERB-0050,preparation,Are there any warnings about combining Chinese goldthread with other berberine-containing products?
REC-0250,HERB-0050,safety_interaction,"Is Chinese goldthread safe to use on your own, or should it be reviewed by a professional first?"
REC-0250,HERB-0050,safety_interaction,What side effects can Chinese goldthread cause?
REC-0250,HERB-0050,safety_interaction,"Who should avoid Chinese goldthread, especially during pregnancy, breastfeeding, or in infants?"
REC-0250,HERB-0050,safety_interaction,"Can Chinese goldthread interact with medicines like cyclosporine, anticoagulants, diabetes drugs, or blood-pressure meds?"
REC-0250,HERB-0050,safety_interaction,What should I check when buying Chinese goldthread in Canada to make sure it’s the right product?
REC-0251,HERB-0051,herb_profile,What is gardenia fruit (Zhi Zi) traditionally used for?
REC-0251,HERB-0051,herb_profile,"Could gardenia fruit help with heat, irritability, or jaundice-type patterns?"
REC-0251,HERB-0051,herb_profile,What do we know about the modern evidence for Gardenia jasminoides fruit?
REC-0251,HERB-0051,herb_profile,"Are there any safety concerns or side effects with gardenia fruit, especially with concentrated extracts?"
REC-0251,HERB-0051,herb_profile,"How should I choose a gardenia fruit product in Canada, and what should I look for on the label?"
REC-0252,HERB-0051,use_case,"What herb is traditionally used for restlessness and irritability, especially when it seems tied to heat or agitation?"
REC-0252,HERB-0051,use_case,"Could gardenia fruit help with sleep difficulty or feeling agitated, and what does the evidence say about it?"
REC-0252,HERB-0051,use_case,"What kinds of traditional patterns is Zhi Zi associated with, like heat, irritability, or urinary discomfort?"
REC-0252,HERB-0051,use_case,"Are there any safety concerns with using Gardenia jasminoides fruit, especially if someone has diarrhea, liver issues, or is pregnant?"
REC-0252,HERB-0051,use_case,"What should I look for when buying a Gardenia fruit product, and is it okay to self-treat with it?"
REC-0253,HERB-0051,use_case,What herbs are traditionally used for urinary burning and dark urine?
REC-0253,HERB-0051,use_case,"Could Gardenia fruit help with burning when I pee, and what kind of traditional pattern is it used for?"
REC-0253,HERB-0051,use_case,Is there any modern evidence that Gardenia jasminoides helps with urinary discomfort?
REC-0253,HERB-0051,use_case,When should urinary burning be checked by a doctor instead of trying an herb like Gardenia fruit?
REC-0253,HERB-0051,use_case,Are there any safety concerns or medication interactions I should know about before using Zhi Zi for urinary symptoms?
REC-0254,HERB-0051,preparation,How should Gardenia fruit be prepared or used if I want to avoid buying the wrong product?
REC-0254,HERB-0051,preparation,"What should I check when buying Gardenia jasminoides in Canada, especially if I want a licensed product?"
REC-0254,HERB-0051,preparation,"Is it okay to use concentrated Gardenia fruit extracts, or is there a safer form to look for?"
REC-0254,HERB-0051,preparation,"What safety issues can come up with Gardenia fruit, like stomach upset, allergy, or liver concerns?"
REC-0254,HERB-0051,preparation,"Who should be careful or avoid using Zhi Zi, such as people who are pregnant or have chronic diarrhea or liver disease?"
REC-0255,HERB-0051,safety_interaction,What side effects can Gardenia fruit cause if someone takes it medicinally?
REC-0255,HERB-0051,safety_interaction,Is Gardenia fruit safe to use during pregnancy or if you have chronic diarrhea or liver disease?
REC-0255,HERB-0051,safety_interaction,"Does Gardenia jasminoides interact with sedatives, blood thinners, or other medicines processed by the liver?"
REC-0255,HERB-0051,safety_interaction,Why is professional guidance recommended before using Gardenia fruit on your own?
REC-0255,HERB-0051,safety_interaction,What should I check on a Gardenia fruit product label in Canada before buying it?
REC-0256,HERB-0052,herb_profile,What is Bupleurum root traditionally used for in Chinese medicine?
REC-0256,HERB-0052,herb_profile,"Is there any modern evidence for Bupleurum chinense, and are there safety concerns with it?"
REC-0256,HERB-0052,herb_profile,What side effects or risks can Bupleurum root cause?
REC-0256,HERB-0052,herb_profile,"Who should avoid using Chai Hu on their own, especially if they have liver problems or are pregnant?"
REC-0256,HERB-0052,herb_profile,What should I look for when buying Bupleurum root in Canada?
REC-0257,HERB-0052,use_case,What herb is traditionally used for mood-related tension with irritability and digestive stress?
REC-0257,HERB-0052,use_case,"Can Bupleurum root help with feeling tense or irritable, especially when digestion is also off?"
REC-0257,HERB-0052,use_case,What does traditional Chinese medicine say Bupleurum root is used for besides mood-related tension?
REC-0257,HERB-0052,use_case,Is there good modern evidence that Bupleurum by itself works for mood-related tension?
REC-0257,HERB-0052,use_case,What safety concerns should I know about before using Bupleurum root on my own?
REC-0258,HERB-0052,use_case,"What herb is traditionally used for alternating chills and fever, and what is it usually combined with in practice?"
REC-0258,HERB-0052,use_case,"Can Bupleurum root help with fever and chills, or should possible infection be checked by a doctor first?"
REC-0258,HERB-0052,use_case,Is there good modern evidence for using Chai Hu on its own for alternating chills and fever?
REC-0258,HERB-0052,use_case,"What side effects or safety concerns are linked to Bupleurum root, especially with liver problems?"
REC-0258,HERB-0052,use_case,"Who should avoid using Bupleurum chinense, and what kinds of medicines might it interact with?"
REC-0259,HERB-0052,preparation,How should Bupleurum root be prepared if someone is using it in a traditional formula?
REC-0259,HERB-0052,preparation,What should I check when buying Bupleurum root in Canada to make sure it's a legit product?
REC-0259,HERB-0052,preparation,Is it better to use Bupleurum root as a decoction or in a licensed formula?
REC-0259,HERB-0052,preparation,What kind of quality and species verification matters before using Chai Hu?
REC-0259,HERB-0052,preparation,Is Bupleurum root something I should avoid using on my own without a practitioner?
REC-0260,HERB-0052,safety_interaction,Is bupleurum root safe to use if someone has liver disease?
REC-0260,HERB-0052,safety_interaction,What side effects can Chai Hu cause?
REC-0260,HERB-0052,safety_interaction,Can Bupleurum chinense interact with blood thinners or sedatives?
REC-0260,HERB-0052,safety_interaction,Is bupleurum root okay to take during pregnancy?
REC-0260,HERB-0052,safety_interaction,Who should avoid using Chai Hu without medical supervision?
REC-0261,HERB-0053,herb_profile,What is Pinellia tuber (Ban Xia) traditionally used for?
REC-0261,HERB-0053,herb_profile,"Is raw Pinellia ternata safe to take, or can it cause problems?"
REC-0261,HERB-0053,herb_profile,"Can you buy Ban Xia for home use, or does it need to be professionally processed first?"
REC-0261,HERB-0053,herb_profile,"Who should avoid Pinellia tuber, especially if someone is pregnant or has trouble swallowing?"
REC-0261,HERB-0053,herb_profile,"Does processed Pinellia tuber have good modern clinical evidence, or is the evidence still limited?"
REC-0262,HERB-0053,use_case,What herb is sometimes used for nausea and vomiting with phlegm or a feeling of fullness in the upper abdomen?
REC-0262,HERB-0053,use_case,"Is Pinellia tuber actually recommended for nausea and vomiting, or is the evidence too weak to use it on your own?"
REC-0262,HERB-0053,use_case,"Why does Ban Xia need to be processed before use, and what can happen if it's raw or only partly processed?"
REC-0262,HERB-0053,use_case,"Who should avoid Pinellia ternata, especially if someone is pregnant or has trouble swallowing or breathing?"
REC-0262,HERB-0053,use_case,"If someone wants to buy processed Ban Xia in Canada, what should they check to make sure it's the right product?"
REC-0263,HERB-0053,use_case,What natural remedies are sometimes used for a phlegmy cough with lots of mucus and chest fullness?
REC-0263,HERB-0053,use_case,Is Pinellia tuber (Ban Xia) traditionally used for coughs that bring up phlegm?
REC-0263,HERB-0053,use_case,What does the evidence say about using Pinellia tuber for a productive cough?
REC-0263,HERB-0053,use_case,"Are there any safety concerns with using Ban Xia, especially if it hasn’t been properly processed?"
REC-0263,HERB-0053,use_case,"Who should avoid Pinellia tuber, and are there any medicine interactions or health situations where it shouldn’t be used?"
REC-0264,HERB-0053,preparation,How is Ban Xia supposed to be prepared before it’s used in a formula?
REC-0264,HERB-0053,preparation,"Can I make a Pinellia tuber remedy at home, or does it need to be professionally processed?"
REC-0264,HERB-0053,preparation,What should I look for when buying processed Ban Xia in Canada?
REC-0264,HERB-0053,preparation,Why is raw Pinellia tuber considered unsafe to use?
REC-0264,HERB-0053,preparation,"Are there any people who should avoid using Pinellia tuber, like during pregnancy or if someone has trouble swallowing?"
REC-0265,HERB-0053,safety_interaction,Is Pinellia tuber safe to use if it’s raw or not properly processed?
REC-0265,HERB-0053,safety_interaction,What kinds of side effects can Ban Xia cause if it’s used incorrectly?
REC-0265,HERB-0053,safety_interaction,"Who should avoid Pinellia tuber, especially during pregnancy or if they have trouble swallowing or breathing?"
REC-0265,HERB-0053,safety_interaction,"Does Pinellia tuber interact with anti-nausea drugs, sedatives, or other stomach medicines?"
REC-0265,HERB-0053,safety_interaction,"If I’m buying Ban Xia in Canada, how can I tell whether it’s an appropriate processed product and not a raw or unlabeled one?"
REC-0266,HERB-0054,herb_profile,What is Magnolia bark usually used for in traditional Chinese medicine?
REC-0266,HERB-0054,herb_profile,"Does Magnolia officinalis have any research backing for its uses, or is the evidence still weak?"
REC-0266,HERB-0054,herb_profile,What side effects or safety issues can happen with Hou Po?
REC-0266,HERB-0054,herb_profile,"Who should be careful about using Magnolia bark, especially if they're pregnant, have bleeding concerns, or need surgery?"
REC-0266,HERB-0054,herb_profile,What should I look for when buying Magnolia bark in Canada to make sure it's the real thing?
REC-0267,HERB-0054,use_case,What herb is traditionally used for bloating and a feeling of abdominal fullness?
REC-0267,HERB-0054,use_case,"Can Magnolia bark help with gas, indigestion, or that heavy full feeling in the belly?"
REC-0267,HERB-0054,use_case,What traditional Chinese medicine uses is Hou Po associated with besides bloating?
REC-0267,HERB-0054,use_case,How strong is the clinical evidence for Magnolia officinalis for digestive fullness and bloating?
REC-0267,HERB-0054,use_case,"Are there any safety concerns with using Magnolia bark, especially if someone is pregnant, drives, or takes sedatives or blood thinners?"
REC-0268,HERB-0054,use_case,Could magnolia bark help with stress and trouble sleeping?
REC-0268,HERB-0054,use_case,What kinds of traditional uses does Hou Po have besides relaxation?
REC-0268,HERB-0054,use_case,What side effects or risks should I know about before using Magnolia officinalis bark?
REC-0268,HERB-0054,use_case,Is it safe to take magnolia bark with alcohol or sleep medicines?
REC-0268,HERB-0054,use_case,What should I look for when buying a Magnolia officinalis bark product in Canada?
REC-0269,HERB-0054,preparation,How do I make sure I'm buying the right magnolia bark product and not a low-quality one?
REC-0269,HERB-0054,preparation,What should I check on a Canadian herbal product label if I want to buy Magnolia officinalis bark?
REC-0269,HERB-0054,preparation,Is it better to use magnolia bark as a decoction or a licensed extract?
REC-0269,HERB-0054,preparation,"Are there any warnings about using magnolia bark with sleep medicines, anxiety meds, or alcohol?"
REC-0269,HERB-0054,preparation,"What safety issues should I know about before using magnolia bark, especially if I'm pregnant or need surgery?"
REC-0270,HERB-0054,safety_interaction,What side effects can magnolia bark cause if someone takes it medicinally?
REC-0270,HERB-0054,safety_interaction,Is magnolia bark safe to use during pregnancy or before surgery?
REC-0270,HERB-0054,safety_interaction,"Can magnolia bark interact with sedatives, blood thinners, or alcohol?"
REC-0270,HERB-0054,safety_interaction,Who should be careful about using magnolia bark because of bleeding risk or drowsiness?
REC-0270,HERB-0054,safety_interaction,What should I check when buying magnolia bark in Canada to make sure it's the right product?
REC-0271,HERB-0055,herb_profile,What is costus root (Mu Xiang) traditionally used for?
REC-0271,HERB-0055,herb_profile,"Does costus root have good modern evidence behind it, or is the research still limited?"
REC-0271,HERB-0055,herb_profile,"What are the main safety concerns with using Aucklandia costus, especially if a product might be contaminated or substituted?"
REC-0271,HERB-0055,herb_profile,Should costus root be avoided during pregnancy or with kidney problems?
REC-0271,HERB-0055,herb_profile,"What should I look for when buying costus root in Canada so I know it's a safe, properly identified product?"
REC-0272,HERB-0055,use_case,"What natural remedy is traditionally used for abdominal bloating and gas, especially when there’s a qi stagnation pattern?"
REC-0272,HERB-0055,use_case,"Can Costus root help with bloating or abdominal discomfort, and what does the modern evidence say?"
REC-0272,HERB-0055,use_case,"How is Mu Xiang traditionally used in digestive formulas for symptoms like abdominal pain, bloating, or diarrhea?"
REC-0272,HERB-0055,use_case,"What safety concerns should I know about before using Costus root, especially with pregnancy or kidney issues?"
REC-0272,HERB-0055,use_case,"How should I choose a safe Costus root product, and what should I look for in Canada?"
REC-0273,HERB-0055,use_case,"What might help with diarrhea that comes with cramping, especially if it’s from a traditional Chinese medicine perspective?"
REC-0273,HERB-0055,use_case,"How is costus root traditionally used for digestive problems like abdominal pain, bloating, and diarrhea?"
REC-0273,HERB-0055,use_case,Is there any modern clinical evidence that Mu Xiang works for diarrhea with cramping?
REC-0273,HERB-0055,use_case,"Are there any safety concerns or side effects with costus root, especially if a product isn’t properly authenticated?"
REC-0273,HERB-0055,use_case,Should costus root be avoided in pregnancy or checked against kidney-toxic or liver-metabolized medicines?
REC-0274,HERB-0055,preparation,How should Costus root be verified before using it in a preparation?
REC-0274,HERB-0055,preparation,What kind of Costus root product should I buy if I want to avoid contamination or mix-ups?
REC-0274,HERB-0055,preparation,Is it okay to use Mu Xiang during pregnancy?
REC-0274,HERB-0055,preparation,What safety issues are there with Costus root if the herb isn’t properly authenticated or tested for aristolochic acid?
REC-0274,HERB-0055,preparation,"In Canada, what should I look for on a licensed natural health product label for Costus root?"
REC-0275,HERB-0055,safety_interaction,Is costus root safe to use if I’m pregnant?
REC-0275,HERB-0055,safety_interaction,"What side effects or risks can happen with Mu Xiang, especially if the product is contaminated or mixed up with another plant?"
REC-0275,HERB-0055,safety_interaction,Can costus root interact with kidney-toxic medicines or drugs that are broken down by the liver?
REC-0275,HERB-0055,safety_interaction,What should I check before buying costus root in Canada to make sure it’s authentic and tested for aristolochic acid?
REC-0275,HERB-0055,safety_interaction,"Is it okay to use costus root on my own, or should it be reviewed by a professional first?"
REC-0276,HERB-0056,herb_profile,"What is villous amomum fruit, and what plant does it come from?"
REC-0276,HERB-0056,herb_profile,What kinds of digestive problems is Sha Ren traditionally used for?
REC-0276,HERB-0056,herb_profile,Is there good clinical evidence that Wurfbainia villosa helps as a medicine?
REC-0276,HERB-0056,herb_profile,"What side effects or cautions should I know about before using 砂仁, especially if I have reflux, a spice allergy, or I'm pregnant?"
REC-0276,HERB-0056,herb_profile,How should I check if a villous amomum fruit product is the right one to buy in Canada?
REC-0277,HERB-0056,use_case,What might help with bloating and nausea if I’m looking for a traditional digestive herb?
REC-0277,HERB-0056,use_case,"Is villous amomum fruit, or Sha Ren, used for gas, poor appetite, or feeling bloated?"
REC-0277,HERB-0056,use_case,What is Sha Ren traditionally used for in Chinese medicine?
REC-0277,HERB-0056,use_case,Is there any modern evidence that villous amomum fruit works for nausea or bloating?
REC-0277,HERB-0056,use_case,"Are there any safety concerns or cautions with using villous amomum fruit, especially if I have reflux, a spice allergy, or am pregnant?"
REC-0278,HERB-0056,use_case,"What might help with poor appetite and that heavy, sluggish digestive feeling?"
REC-0278,HERB-0056,use_case,Is villous amomum fruit used for bloating or nausea as well as low appetite?
REC-0278,HERB-0056,use_case,What do we know about the evidence for Sha Ren when it comes to appetite loss?
REC-0278,HERB-0056,use_case,"Are there any side effects or cautions with using Wurfbainia villosa, especially if someone has reflux or a spice allergy?"
REC-0278,HERB-0056,use_case,"Can I use 砂仁 as a cooking spice, and what should I look for when buying it in Canada?"
REC-0279,HERB-0056,preparation,How should I verify that villous amomum fruit is the right product before using it?
REC-0279,HERB-0056,preparation,"What should I look for when buying Sha Ren in Canada, especially if it’s an extract or supplement?"
REC-0279,HERB-0056,preparation,Is villous amomum fruit safer to use as a kitchen spice than as a medicinal preparation?
REC-0279,HERB-0056,preparation,"What side effects or cautions are there with villous amomum fruit, like heartburn, allergy, or reflux?"
REC-0279,HERB-0056,preparation,Can villous amomum fruit affect pregnancy or interact with stomach and digestion medicines?
REC-0280,HERB-0056,safety_interaction,"Can Sha Ren cause heartburn or mouth irritation, and are allergies a concern?"
REC-0280,HERB-0056,safety_interaction,Is villous amomum fruit safe to use during pregnancy?
REC-0280,HERB-0056,safety_interaction,Who should be careful with Sha Ren if they have severe reflux or a spice allergy?
REC-0280,HERB-0056,safety_interaction,Can villous amomum fruit interact with gastrointestinal medicines or affect absorption?
REC-0280,HERB-0056,safety_interaction,"What should I check when buying Wurfbainia villosa in Canada, especially if it’s an extract?"
REC-0281,HERB-0057,herb_profile,What is Alisma rhizome traditionally used for in Chinese medicine?
REC-0281,HERB-0057,herb_profile,"Is there any good modern evidence for Ze Xie, or is the evidence still limited?"
REC-0281,HERB-0057,herb_profile,What side effects or safety concerns are associated with Alisma orientale?
REC-0281,HERB-0057,herb_profile,"Who should avoid using Alisma rhizome, especially with pregnancy or kidney issues?"
REC-0281,HERB-0057,herb_profile,What should I check when buying Alisma rhizome products in Canada?
REC-0282,HERB-0057,use_case,Could Alisma rhizome help with fluid retention or mild swelling?
REC-0282,HERB-0057,use_case,What symptoms or warning signs mean fluid retention should be checked by a doctor instead of trying this herb?
REC-0282,HERB-0057,use_case,How is Ze Xie usually used in traditional Chinese medicine for urination or damp-heat urinary patterns?
REC-0282,HERB-0057,use_case,What side effects or risks can Alisma orientale rhizome cause?
REC-0282,HERB-0057,use_case,"Who should avoid using Alisma rhizome, and are there any medicine interactions to watch for?"
REC-0283,HERB-0057,use_case,What might help with urinary discomfort if I'm also dealing with frequent urination and a burning feeling?
REC-0283,HERB-0057,use_case,Is Alisma rhizome traditionally used for urinary problems or fluid retention?
REC-0283,HERB-0057,use_case,What does the evidence say about Alisma rhizome for urinary discomfort?
REC-0283,HERB-0057,use_case,Are there any safety concerns with using Alisma rhizome if I might be pregnant or have kidney issues?
REC-0283,HERB-0057,use_case,"Could Alisma rhizome interact with diuretics, blood-pressure meds, or other medicines that affect the kidneys?"
REC-0284,HERB-0057,preparation,How should Alisma rhizome be prepared or used in a medicinal formula?
REC-0284,HERB-0057,preparation,What should I check to make sure I'm buying the right Alisma orientale product in Canada?
REC-0284,HERB-0057,preparation,Is Ze Xie something I can use on my own as a general detox or for weight loss?
REC-0284,HERB-0057,preparation,"What are the main safety concerns with Alisma rhizome, like possible side effects or organ injury?"
REC-0284,HERB-0057,preparation,"Who should avoid Alisma rhizome, especially if they’re pregnant or have kidney or liver problems?"
REC-0285,HERB-0057,safety_interaction,"Is Alisma rhizome safe to use on its own, or should it only be taken with professional guidance?"
REC-0285,HERB-0057,safety_interaction,"What side effects have been reported with Ze Xie, like dizziness or stomach upset?"
REC-0285,HERB-0057,safety_interaction,"Who should avoid Alisma orientale, especially if someone is pregnant, dehydrated, or has kidney or liver disease?"
REC-0285,HERB-0057,safety_interaction,"Can Alisma rhizome interact with diuretics, blood pressure medicines, or drugs that affect the kidneys?"
REC-0285,HERB-0057,safety_interaction,What should I check when buying Alisma rhizome in Canada to make sure it’s a legitimate product?
REC-0286,HERB-0058,herb_profile,"What is Asian plantain seed, and what plant does it come from?"
REC-0286,HERB-0058,herb_profile,What is Asian plantain seed traditionally used for in Chinese medicine?
REC-0286,HERB-0058,herb_profile,"Is there good modern evidence that Plantago asiatica seed works, or is the evidence still limited?"
REC-0286,HERB-0058,herb_profile,What side effects or safety concerns should I know about before using Asian plantain seed?
REC-0286,HERB-0058,herb_profile,How should I check a Plantago asiatica seed product before buying it in Canada?
REC-0287,HERB-0058,use_case,Could Asian plantain seed be used for urinary burning or frequent urination?
REC-0287,HERB-0058,use_case,What urinary symptoms is che qian zi traditionally used for?
REC-0287,HERB-0058,use_case,Is there any modern evidence that Plantago asiatica seed helps with urinary discomfort?
REC-0287,HERB-0058,use_case,When should I get checked by a doctor instead of trying this herb for possible UTI symptoms?
REC-0287,HERB-0058,use_case,Are there any safety issues or medicine interactions I should know about with Asian plantain seed?
REC-0288,HERB-0058,use_case,"What can help with loose stool in traditional Chinese medicine, especially if it’s related to dampness?"
REC-0288,HERB-0058,use_case,"Is Asian plantain seed used for diarrhea or loose stools, and in what kinds of patterns is it traditionally chosen?"
REC-0288,HERB-0058,use_case,How strong is the modern evidence for Plantago asiatica seed for treating loose stool?
REC-0288,HERB-0058,use_case,"Are there any safety concerns with taking 车前子 if someone has dehydration, trouble swallowing, or severe belly pain?"
REC-0288,HERB-0058,use_case,"Can Asian plantain seed affect the absorption of oral medicines, and should it be taken separately from other pills?"
REC-0289,HERB-0058,preparation,"How is Asian plantain seed usually prepared for use, and what form does it come in?"
REC-0289,HERB-0058,preparation,What should I check to make sure I'm buying the right Plantago asiatica seed product in Canada?
REC-0289,HERB-0058,preparation,"Can Asian plantain seed be mixed up with psyllium products, or is it a different preparation?"
REC-0289,HERB-0058,preparation,"What are the main safety concerns with taking che qian zi, especially if someone has trouble swallowing or is dehydrated?"
REC-0289,HERB-0058,preparation,"Does Asian plantain seed affect absorption of oral medicines, and should it be taken at a different time?"
REC-0290,HERB-0058,safety_interaction,Is Asian plantain seed safe to use if someone has trouble swallowing?
REC-0290,HERB-0058,safety_interaction,"What side effects can happen with 车前子, especially if it isn't taken with enough fluid?"
REC-0290,HERB-0058,safety_interaction,Can Asian plantain seed affect how oral medications are absorbed?
REC-0290,HERB-0058,safety_interaction,"Who should avoid using Plantago asiatica seed because of things like bowel blockage, dehydration, or severe stomach pain?"
REC-0290,HERB-0058,safety_interaction,What should I check before buying Asian plantain seed products in Canada?
REC-0291,HERB-0059,herb_profile,What is Job's tears and what’s it usually used for traditionally?
REC-0291,HERB-0059,herb_profile,"Is there any modern evidence that Job's tears actually works as a remedy, or is it mostly considered a food?"
REC-0291,HERB-0059,herb_profile,"What kinds of issues was Job's tears linked with in traditional Chinese medicine, like swelling or digestion problems?"
REC-0291,HERB-0059,herb_profile,"Are there any safety concerns with Job's tears, especially for pregnancy, grain allergies, or stomach upset?"
REC-0291,HERB-0059,herb_profile,"If I want to buy Job's tears in Canada, what should I look for on the label or packaging?"
REC-0292,HERB-0059,use_case,What can help with mild digestive heaviness when I’m also bloated or have loose stool?
REC-0292,HERB-0059,use_case,Is Job's tears used for digestive issues related to dampness or weakness?
REC-0292,HERB-0059,use_case,"Can I use 薏苡仁 as a food for bloating and digestive heaviness, or is it more of a medicine?"
REC-0292,HERB-0059,use_case,What does the evidence say about Job's tears for digestive heaviness?
REC-0292,HERB-0059,use_case,"Are there any cautions with Job's tears if I’m pregnant, have a grain allergy, or don’t eat enough?"
REC-0293,HERB-0059,use_case,Can Job's tears help with mild swelling or fluid retention?
REC-0293,HERB-0059,use_case,"What kinds of traditional uses does Yi Yi Ren have for heaviness, dampness, or joint discomfort?"
REC-0293,HERB-0059,use_case,Is there good modern evidence that Coix lacryma-jobi works for edema?
REC-0293,HERB-0059,use_case,How is Job's tears usually eaten or prepared as a food for swelling-related issues?
REC-0293,HERB-0059,use_case,"Are there any safety concerns with Job's tears, especially in pregnancy or if I have a grain allergy?"
REC-0294,HERB-0059,preparation,"How should Job's tears be prepared if I want to use it as food, like in porridge or soup?"
REC-0294,HERB-0059,preparation,What should I check on the label or packaging when buying Job's tears in Canada?
REC-0294,HERB-0059,preparation,"Can Job's tears be used medicinally during pregnancy, or are there any cautions?"
REC-0294,HERB-0059,preparation,Are there any side effects or stomach issues people might get from Job's tears?
REC-0294,HERB-0059,preparation,Does Job's tears have any possible interactions with diabetes or blood sugar medicines?
REC-0295,HERB-0059,safety_interaction,"Is Job's tears safe to use if someone is pregnant, or should it be avoided?"
REC-0295,HERB-0059,safety_interaction,"What side effects can Job's tears cause, especially if you have a grain allergy or a sensitive stomach?"
REC-0295,HERB-0059,safety_interaction,Can Job's tears interact with diabetes medications or blood sugar-lowering drugs?
REC-0295,HERB-0059,safety_interaction,Who should be extra cautious before using Job's tears as a medicinal herb?
REC-0295,HERB-0059,safety_interaction,"Is Job's tears usually okay as a food for most adults, or is it mainly something that needs professional review?"
REC-0296,HERB-0060,herb_profile,What is corn silk usually used for in traditional Chinese or folk medicine?
REC-0296,HERB-0060,herb_profile,"Does corn silk have good evidence for helping with urinary tract infections, kidney stones, or swelling?"
REC-0296,HERB-0060,herb_profile,What side effects or safety concerns should I know about before using corn silk?
REC-0296,HERB-0060,herb_profile,"Can corn silk interact with blood pressure medicines, diuretics, or diabetes drugs?"
REC-0296,HERB-0060,herb_profile,"How should I choose a safe corn silk product, especially if I'm buying it in Canada?"
REC-0297,HERB-0060,use_case,"Could corn silk help with urinary frequency, burning, or bladder discomfort?"
REC-0297,HERB-0060,use_case,What is corn silk traditionally used for in Chinese or folk medicine?
REC-0297,HERB-0060,use_case,Is there any modern evidence that corn silk works for urinary discomfort?
REC-0297,HERB-0060,use_case,Are there any risks or side effects from using corn silk tea?
REC-0297,HERB-0060,use_case,When should someone with urinary symptoms get checked by a doctor instead of trying corn silk?
REC-0298,HERB-0060,use_case,Can corn silk help with mild water retention or swelling?
REC-0298,HERB-0060,use_case,What is corn silk traditionally used for in Chinese or folk medicine?
REC-0298,HERB-0060,use_case,Is there good modern evidence that corn silk works for fluid retention?
REC-0298,HERB-0060,use_case,Are there any side effects or safety concerns with using corn silk as a herbal tea?
REC-0298,HERB-0060,use_case,"Who should avoid corn silk or be careful with it, especially if they’re pregnant or taking blood pressure or diabetes medicines?"
REC-0299,HERB-0060,preparation,How is corn silk usually prepared if someone wants to make it into a tea or mild drink?
REC-0299,HERB-0060,preparation,What should I check to make sure corn silk is safe and good quality before buying it?
REC-0299,HERB-0060,preparation,Are there any warnings about using corn silk if I'm pregnant or have kidney problems?
REC-0299,HERB-0060,preparation,"Can corn silk interact with water pills, blood pressure meds, or diabetes medicines?"
REC-0299,HERB-0060,preparation,"If I'm buying corn silk in Canada, what label or product details should I look for?"
REC-0300,HERB-0060,safety_interaction,Is corn silk safe to use if someone has kidney disease or is dehydrated?
REC-0300,HERB-0060,safety_interaction,"What side effects can corn silk cause, especially if blood pressure or blood sugar is a concern?"
REC-0300,HERB-0060,safety_interaction,"Can corn silk interact with diuretics, blood-pressure medicines, or diabetes medicines?"
REC-0300,HERB-0060,safety_interaction,Should corn silk be avoided during pregnancy or checked with a clinician first?
REC-0300,HERB-0060,safety_interaction,What should I look for when buying corn silk in Canada to make sure it's a quality product?
REC-0301,HERB-0061,herb_profile,What is Eucommia bark usually used for in traditional Chinese medicine?
REC-0301,HERB-0061,herb_profile,"Could Eucommia bark help with low back weakness, sore knees, or tendon problems?"
REC-0301,HERB-0061,herb_profile,What kind of evidence is there for Eucommia bark working for blood pressure or other uses?
REC-0301,HERB-0061,herb_profile,What side effects or safety issues should I know about before using Du Zhong?
REC-0301,HERB-0061,herb_profile,"How do I choose a good Eucommia bark product in Canada, and what should I check on the label?"
REC-0302,HERB-0061,use_case,What natural remedies are traditionally used for low back pain and weak knees?
REC-0302,HERB-0061,use_case,Could Eucommia bark help with knee weakness or musculoskeletal fatigue?
REC-0302,HERB-0061,use_case,What is Du Zhong usually used for in traditional Chinese medicine when someone has low back weakness?
REC-0302,HERB-0061,use_case,Is there any modern evidence for Eucommia bark for back and knee weakness?
REC-0302,HERB-0061,use_case,"Are there any safety concerns or medicine interactions with Eucommia bark, especially if someone has low blood pressure or is pregnant?"
REC-0303,HERB-0061,use_case,"Could Eucommia bark be used to support healthy blood pressure, and how strong is the evidence for it?"
REC-0303,HERB-0061,use_case,What kinds of traditional uses is Du Zhong associated with besides blood pressure support?
REC-0303,HERB-0061,use_case,Are there any side effects or warnings I should know about before trying Eucommia bark?
REC-0303,HERB-0061,use_case,"Can Eucommia bark interact with blood pressure meds, sedatives, or diabetes medicines?"
REC-0303,HERB-0061,use_case,"What should I look for when buying Eucommia bark in Canada, and how do I know it’s a legitimate product?"
REC-0304,HERB-0061,preparation,How can I tell if the Eucommia bark product I’m buying is genuine and properly identified?
REC-0304,HERB-0061,preparation,What should I check on a Canadian Eucommia bark supplement label before purchasing it?
REC-0304,HERB-0061,preparation,"Is Eucommia bark sold as a decoction or an extract, and does the form matter?"
REC-0304,HERB-0061,preparation,Are there any safety concerns with using Du Zhong if I already have low blood pressure or liver disease?
REC-0304,HERB-0061,preparation,"Can Eucommia bark interact with blood pressure medicine, sedatives, or diabetes medications?"
REC-0305,HERB-0061,safety_interaction,What side effects can Eucommia bark cause?
REC-0305,HERB-0061,safety_interaction,Is Eucommia bark safe to use during pregnancy?
REC-0305,HERB-0061,safety_interaction,Who should be careful about using Du Zhong if they already have low blood pressure or liver disease?
REC-0305,HERB-0061,safety_interaction,"Can Eucommia ulmoides interact with blood pressure meds, sedatives, or diabetes medicines?"
REC-0305,HERB-0061,safety_interaction,What should I check when buying Eucommia bark in Canada to make sure it's a legit product?
REC-0306,HERB-0062,herb_profile,"What is Japanese teasel root, and what is it traditionally used for?"
REC-0306,HERB-0062,herb_profile,"Can Japanese teasel root be used for back or knee weakness, tendons, or bone recovery after an injury?"
REC-0306,HERB-0062,herb_profile,What does the evidence say about Japanese teasel root for musculoskeletal support?
REC-0306,HERB-0062,herb_profile,"Are there any safety concerns or side effects with Japanese teasel root, especially in pregnancy or if you have a bleeding disorder?"
REC-0306,HERB-0062,herb_profile,"If I’m buying Japanese teasel root in Canada, what should I look for on the label or product details?"
REC-0307,HERB-0062,use_case,Could Japanese teasel root be used for low back pain with weakness or stiffness?
REC-0307,HERB-0062,use_case,What is Xu Duan traditionally used for besides back pain?
REC-0307,HERB-0062,use_case,Is there good modern evidence that Japanese teasel root helps with low back pain?
REC-0307,HERB-0062,use_case,"Are there any safety concerns or side effects with Japanese teasel root, especially with pregnancy or bleeding problems?"
REC-0307,HERB-0062,use_case,"Should Japanese teasel root be used on its own for back pain after an injury, or is practitioner guidance recommended?"
REC-0308,HERB-0062,use_case,Could Japanese teasel root be helpful for recovery after a sprain or strain?
REC-0308,HERB-0062,use_case,"What kinds of injury recovery issues is Xu Duan traditionally used for, especially with tendons or bones?"
REC-0308,HERB-0062,use_case,Is there any modern evidence that Japanese teasel root helps with tendon healing or other injuries?
REC-0308,HERB-0062,use_case,Are there any safety concerns with using Japanese teasel root after an acute injury or on broken skin?
REC-0308,HERB-0062,use_case,"Who should be careful about using Japanese teasel root, like people who are pregnant or taking blood thinners?"
REC-0309,HERB-0062,preparation,How do I make sure Japanese teasel root is the right plant and good quality before using it?
REC-0309,HERB-0062,preparation,"What should I look for when buying Xu Duan in Canada, especially in terms of labeling and NPN?"
REC-0309,HERB-0062,preparation,"Is Japanese teasel root something I can use on my own, or should I get guidance from a practitioner?"
REC-0309,HERB-0062,preparation,"What kind of preparation is Japanese teasel root usually used in, and is it more like a decoction or a licensed formula?"
REC-0309,HERB-0062,preparation,"Are there any safety concerns with Japanese teasel root, like pregnancy cautions, bleeding issues, or interactions with blood thinners?"
REC-0310,HERB-0062,safety_interaction,What safety issues should I know before using Japanese teasel root as an herbal remedy?
REC-0310,HERB-0062,safety_interaction,Are there any side effects or allergy concerns with Xu Duan?
REC-0310,HERB-0062,safety_interaction,Can Japanese teasel root interact with blood thinners or antiplatelet medicines?
REC-0310,HERB-0062,safety_interaction,Is Japanese teasel root something to avoid during pregnancy?
REC-0310,HERB-0062,safety_interaction,When would it be a bad idea to self-treat with Japanese teasel root and get professional advice instead?
REC-0311,HERB-0063,herb_profile,What is Drynaria rhizome (Gu Sui Bu) usually used for in traditional Chinese medicine?
REC-0311,HERB-0063,herb_profile,"Is there good modern research support for Drynaria rhizome, or is the evidence still limited?"
REC-0311,HERB-0063,herb_profile,What side effects or safety issues should I know about with Gu Sui Bu?
REC-0311,HERB-0063,herb_profile,"Who should be careful about using Drynaria rhizome, especially if someone is pregnant or has kidney problems?"
REC-0311,HERB-0063,herb_profile,"If I want to buy Drynaria rhizome in Canada, what should I check to make sure it's an authentic product?"
REC-0312,HERB-0063,use_case,"Could Drynaria rhizome be used for supporting bone health, or is the evidence too weak to rely on it?"
REC-0312,HERB-0063,use_case,Is Gu Sui Bu traditionally used for healing fractures or other injury recovery issues?
REC-0312,HERB-0063,use_case,"What should I know about safety concerns with Drynaria roosii, especially if I'm pregnant or have kidney problems?"
REC-0312,HERB-0063,use_case,Does this herb have any known issues with bone medicines or mineral supplements?
REC-0312,HERB-0063,use_case,"How is Drynaria rhizome usually prepared or used in practice, and should it replace normal fracture or dental care?"
REC-0313,HERB-0063,use_case,What might Drynaria rhizome be used for if someone has weak teeth or gums?
REC-0313,HERB-0063,use_case,Could Gu Sui Bu help with tooth discomfort or dental weakness?
REC-0313,HERB-0063,use_case,Is there any modern evidence that Drynaria roosii helps with loose teeth or gum problems?
REC-0313,HERB-0063,use_case,"Are there any safety concerns with using Drynaria rhizome for dental issues, especially if someone is pregnant or has kidney disease?"
REC-0313,HERB-0063,use_case,How is Drynaria rhizome usually prepared or used in a practitioner-guided formula for tooth and bone problems?
REC-0314,HERB-0063,preparation,How do I make sure I'm buying the right Drynaria rhizome product and not a mislabeled one?
REC-0314,HERB-0063,preparation,What should I check on a Canadian natural health product label if I want to buy Gu Sui Bu?
REC-0314,HERB-0063,preparation,"Is Drynaria rhizome something I should use on my own, or is practitioner guidance recommended?"
REC-0314,HERB-0063,preparation,"What kind of preparation is Drynaria rhizome usually used as, like a decoction or a licensed formula?"
REC-0314,HERB-0063,preparation,"Are there any safety issues or cautions with Drynaria rhizome, especially if someone is pregnant or has kidney disease?"
REC-0315,HERB-0063,safety_interaction,"What side effects can drynaria rhizome cause, and when should someone get professional advice before using it?"
REC-0315,HERB-0063,safety_interaction,Is drynaria rhizome safe to take during pregnancy or if you have kidney disease?
REC-0315,HERB-0063,safety_interaction,Could Drynaria roosii interact with bone medicines or mineral supplements?
REC-0315,HERB-0063,safety_interaction,When should someone avoid self-treating with gu sui bu and choose standard medical or dental care instead?
REC-0315,HERB-0063,safety_interaction,What should I check when buying drynaria rhizome in Canada to make sure it’s the right product?
REC-0316,HERB-0064,herb_profile,What is ox knee root (Niu Xi) usually used for in traditional Chinese medicine?
REC-0316,HERB-0064,herb_profile,Is there good clinical evidence that Achyranthes bidentata actually works for its traditional uses?
REC-0316,HERB-0064,herb_profile,"What safety concerns should I know about before taking ox knee root, especially if I'm pregnant or have heavy periods?"
REC-0316,HERB-0064,herb_profile,"Can ox knee root interact with blood thinners, antiplatelet drugs, or blood pressure medication?"
REC-0316,HERB-0064,herb_profile,"If I want to buy a Niu Xi product in Canada, what should I check on the label or packaging?"
REC-0317,HERB-0064,use_case,"What herb is traditionally used for knee pain and low back pain, especially when there’s stiffness too?"
REC-0317,HERB-0064,use_case,"Can ox knee root help with joint pain in the knees or lower back, and what does the evidence say?"
REC-0317,HERB-0064,use_case,"What is Niu Xi traditionally used for besides pain, like in relation to blood movement or the lower body?"
REC-0317,HERB-0064,use_case,Is Achyranthes bidentata safe to use if someone is pregnant or has heavy menstrual bleeding?
REC-0317,HERB-0064,use_case,What should I watch out for if I’m taking blood thinners or blood-pressure medicine and considering this herb?
REC-0318,HERB-0064,use_case,Could ox knee root be used for menstrual cramps or irregular periods?
REC-0318,HERB-0064,use_case,What is Niu Xi traditionally used for when it comes to menstruation?
REC-0318,HERB-0064,use_case,Is there any modern evidence that Achyranthes bidentata helps with menstrual pain or irregular cycles?
REC-0318,HERB-0064,use_case,Who should avoid using ox knee root for period-related issues?
REC-0318,HERB-0064,use_case,Can ox knee root interact with blood thinners or blood pressure medication?
REC-0319,HERB-0064,preparation,How do I make sure an ox knee root product is the right herb and part before using it?
REC-0319,HERB-0064,preparation,"What should I look for on a Canadian ox knee root supplement label, like NPN or other quality details?"
REC-0319,HERB-0064,preparation,"Is ox knee root something I should use on my own, or is it better to only take it with practitioner guidance?"
REC-0319,HERB-0064,preparation,"What are the main safety concerns with ox knee root, especially in pregnancy or if someone has heavy bleeding?"
REC-0319,HERB-0064,preparation,Can ox knee root interact with blood thinners or blood pressure medicines?
REC-0320,HERB-0064,safety_interaction,Is Ox knee root safe to use during pregnancy?
REC-0320,HERB-0064,safety_interaction,Can Niu Xi interact with blood thinners or antiplatelet medicines?
REC-0320,HERB-0064,safety_interaction,What side effects can Ox knee root cause?
REC-0320,HERB-0064,safety_interaction,Should someone with heavy menstrual bleeding or a bleeding disorder avoid this herb?
REC-0320,HERB-0064,safety_interaction,"Is it okay to use Ox knee root without supervision, or does it need professional review first?"
REC-0321,HERB-0065,herb_profile,What is Pubescent angelica root (Du Huo) traditionally used for?
REC-0321,HERB-0065,herb_profile,Is there good clinical evidence that Angelica pubescens works on its own?
REC-0321,HERB-0065,herb_profile,What side effects or safety concerns should I know about with Du Huo?
REC-0321,HERB-0065,herb_profile,"Who should avoid pubescent angelica root, especially around pregnancy or bleeding risks?"
REC-0321,HERB-0065,herb_profile,"If I’m buying Du Huo in Canada, what should I check on the product label or package?"
REC-0322,HERB-0065,use_case,What herbs are traditionally used for arthritis-like joint pain with stiffness and a cold-damp pattern?
REC-0322,HERB-0065,use_case,Could pubescent angelica root help with wind-damp pain or aching joints?
REC-0322,HERB-0065,use_case,"What does the evidence say about Du Huo for joint pain, and is it strong enough to rely on?"
REC-0322,HERB-0065,use_case,"Are there any safety concerns with Angelica pubescens, like photosensitivity, bleeding, or stomach upset?"
REC-0322,HERB-0065,use_case,"Who should avoid using pubescent angelica root, and does it interact with blood thinners or sunlight-sensitive medicines?"
REC-0323,HERB-0065,use_case,Can pubescent angelica root be used for low back pain with stiffness or leg pain?
REC-0323,HERB-0065,use_case,What kinds of aches or pain patterns is Du Huo traditionally used for?
REC-0323,HERB-0065,use_case,Is there any modern evidence that Angelica pubescens helps with lower back pain?
REC-0323,HERB-0065,use_case,Are there any side effects or safety concerns with taking pubescent angelica root?
REC-0323,HERB-0065,use_case,"Who should avoid using Du Huo, and what medicines might it interact with?"
REC-0324,HERB-0065,preparation,How should I check whether a Pubescent angelica root product is the right one before using it?
REC-0324,HERB-0065,preparation,"What should I look for when buying Du Huo in Canada, like labeling or quality details?"
REC-0324,HERB-0065,preparation,"Is pubescent angelica root usually used by itself, or is it better in a practitioner-chosen formula?"
REC-0324,HERB-0065,preparation,"What safety issues should I know about with Angelica pubescens, especially around sun sensitivity or bleeding risk?"
REC-0324,HERB-0065,preparation,Are there any reasons to avoid pubescent angelica root during pregnancy or if I take blood thinners?
REC-0325,HERB-0065,safety_interaction,Is pubescent angelica root safe to use if I'm pregnant?
REC-0325,HERB-0065,safety_interaction,What side effects can Angelica pubescens cause?
REC-0325,HERB-0065,safety_interaction,Can Du Huo interact with blood thinners or antiplatelet medicines?
REC-0325,HERB-0065,safety_interaction,Who should be careful about using pubescent angelica root if they have a bleeding disorder or are sensitive to sunlight?
REC-0325,HERB-0065,safety_interaction,What should I check when buying pubescent angelica root in Canada?
REC-0326,HERB-0066,herb_profile,What is Notopterygium root (Qiang Huo) usually used for in traditional Chinese medicine?
REC-0326,HERB-0066,herb_profile,"Is there good modern research showing Notopterygium root actually works, or is the evidence still limited?"
REC-0326,HERB-0066,herb_profile,What side effects should I watch for if someone takes Notopterygium root?
REC-0326,HERB-0066,herb_profile,"Who should avoid Notopterygium root, especially if they're pregnant or have a bleeding problem?"
REC-0326,HERB-0066,herb_profile,"If I’m buying Notopterygium root in Canada, what should I check to make sure it’s a legitimate and safe product?"
REC-0327,HERB-0066,use_case,"What herbs are traditionally used for common-cold body aches with chills and headaches, like Notopterygium root?"
REC-0327,HERB-0066,use_case,How is Qiang Huo traditionally used for wind-cold symptoms and upper-body aches?
REC-0327,HERB-0066,use_case,Is there any modern evidence that Notopterygium incisum helps with common-cold body aches?
REC-0327,HERB-0066,use_case,"What side effects can happen with Notopterygium root, especially things like nausea, dizziness, or photosensitivity?"
REC-0327,HERB-0066,use_case,"Who should avoid using Notopterygium root, and are there any medicine interactions or safety cautions I should know about?"
REC-0328,HERB-0066,use_case,What might help with neck and shoulder aches when there’s stiffness too?
REC-0328,HERB-0066,use_case,Is Notopterygium root ever used for upper-body wind-damp pain or wind-cold patterns?
REC-0328,HERB-0066,use_case,How strong is the modern evidence for Qiang Huo for neck and shoulder pain?
REC-0328,HERB-0066,use_case,"Are there any safety concerns with Notopterygium incisum, like nausea, dizziness, or photosensitivity?"
REC-0328,HERB-0066,use_case,"Who should avoid using 羌活, especially if they’re pregnant or take anticoagulants?"
REC-0329,HERB-0066,preparation,How should Notopterygium root be prepared or used if I’m looking at a formula with it?
REC-0329,HERB-0066,preparation,What should I check when buying 羌活 in Canada so I know it’s a legitimate product?
REC-0329,HERB-0066,preparation,"Is Notopterygium incisum sold as a decoction or in a licensed formula, and does the form matter?"
REC-0329,HERB-0066,preparation,"What are the main safety concerns with Qiang Huo, like side effects or who should avoid it?"
REC-0329,HERB-0066,preparation,Can Notopterygium root interact with blood thinners or photosensitizing medicines?
REC-0330,HERB-0066,safety_interaction,"What side effects can happen with Notopterygium root, like nausea or dizziness?"
REC-0330,HERB-0066,safety_interaction,Is Notopterygium root safe to use during pregnancy?
REC-0330,HERB-0066,safety_interaction,Could Notopterygium root interact with blood thinners or medicines that make you more sensitive to sunlight?
REC-0330,HERB-0066,safety_interaction,"Who should be cautious about using 羌活, especially if they have a bleeding problem, severe headaches, or aren't sure about the plant identity?"
REC-0330,HERB-0066,safety_interaction,Do I need professional guidance before using Notopterygium incisum root or rhizome as a herbal product?
REC-0331,HERB-0067,herb_profile,What is Saposhnikovia root (Fang Feng) traditionally used for?
REC-0331,HERB-0067,herb_profile,Does Fang Feng have good modern evidence when used on its own?
REC-0331,HERB-0067,herb_profile,What side effects or reactions can Saposhnikovia root cause?
REC-0331,HERB-0067,herb_profile,"Who should be careful about using Saposhnikovia root, like during pregnancy or with certain health conditions?"
REC-0331,HERB-0067,herb_profile,What should I look for when buying Saposhnikovia divaricata root in Canada?
REC-0332,HERB-0067,use_case,"Could Saposhnikovia root be used for a common cold with chills, headache, or a stuffy nose?"
REC-0332,HERB-0067,use_case,What kinds of cold symptoms is Fang Feng traditionally linked to?
REC-0332,HERB-0067,use_case,Does Saposhnikovia divaricata have good clinical evidence for treating a viral cold?
REC-0332,HERB-0067,use_case,Are there any side effects or safety concerns with using Saposhnikovia root?
REC-0332,HERB-0067,use_case,"Who should avoid Saposhnikovia root, especially if they're pregnant or taking blood thinners or sedatives?"
REC-0333,HERB-0067,use_case,Could Saposhnikovia root help with itching or hives?
REC-0333,HERB-0067,use_case,What was Fang Feng traditionally used for in relation to skin itching or allergies?
REC-0333,HERB-0067,use_case,Is there any modern evidence that Saposhnikovia divaricata works for hives or itching?
REC-0333,HERB-0067,use_case,What side effects or cautions should I know about before using Saposhnikovia root for hives?
REC-0333,HERB-0067,use_case,Is it safe to use Saposhnikovia root if hives come with swelling or trouble breathing?
REC-0334,HERB-0067,preparation,How should Saposhnikovia root be prepared or used in practice?
REC-0334,HERB-0067,preparation,What should I check when buying Fang Feng in Canada to make sure it’s a legitimate product?
REC-0334,HERB-0067,preparation,Is there a difference between using an authenticated root and just any herbal product for Saposhnikovia divaricata?
REC-0334,HERB-0067,preparation,"What safety issues should I know before using Saposhnikovia root, especially if I’m pregnant or have an Apiaceae allergy?"
REC-0334,HERB-0067,preparation,Can Fang Feng interact with blood thinners or sedative medicines?
REC-0335,HERB-0067,safety_interaction,What side effects have been reported with Saposhnikovia root?
REC-0335,HERB-0067,safety_interaction,Is Fang Feng safe to use during pregnancy or if someone has a bleeding disorder?
REC-0335,HERB-0067,safety_interaction,Can Saposhnikovia divaricata interact with blood thinners or sedatives?
REC-0335,HERB-0067,safety_interaction,Who should avoid using Saposhnikovia root because of allergy or infection concerns?
REC-0335,HERB-0067,safety_interaction,What should I check when buying Saposhnikovia divaricata root in Canada?
REC-0336,HERB-0068,herb_profile,What is Epimedium usually used for in traditional Chinese medicine?
REC-0336,HERB-0068,herb_profile,Is there good modern evidence that Epimedium actually works for libido or fatigue?
REC-0336,HERB-0068,herb_profile,What side effects or safety problems can happen with Epimedium?
REC-0336,HERB-0068,herb_profile,"Who should avoid taking Epimedium, like during pregnancy or if you have heart or blood pressure issues?"
REC-0336,HERB-0068,herb_profile,What should I check when buying an Epimedium product in Canada?
REC-0337,HERB-0068,use_case,Could Epimedium help with low libido or erectile difficulties?
REC-0337,HERB-0068,use_case,What does traditional Chinese medicine say about Yin Yang Huo for sexual function or kidney yang deficiency?
REC-0337,HERB-0068,use_case,Is there good modern evidence that Epimedium works for sexual performance?
REC-0337,HERB-0068,use_case,What side effects or risks can Epimedium cause if someone uses it for sexual health?
REC-0337,HERB-0068,use_case,"Who should avoid Epimedium, and what medicines might it interact with?"
REC-0338,HERB-0068,use_case,Can Epimedium help support bone health or osteoporosis concerns?
REC-0338,HERB-0068,use_case,What is Yin Yang Huo traditionally used for in formulas related to bones?
REC-0338,HERB-0068,use_case,What does the evidence say about Epimedium for bone health and weakness?
REC-0338,HERB-0068,use_case,Are there any side effects or safety issues with using Epimedium?
REC-0338,HERB-0068,use_case,"Who should avoid Epimedium because of pregnancy, heart, blood pressure, or hormone-related risks?"
REC-0339,HERB-0068,preparation,How should I choose a good Epimedium product before using it?
REC-0339,HERB-0068,preparation,"What should I check when buying 淫羊藿 in Canada, especially on the label or packaging?"
REC-0339,HERB-0068,preparation,Is it okay to use Epimedium tea or extract I found online for sexual enhancement?
REC-0339,HERB-0068,preparation,"What kinds of Epimedium preparations are used, and how are they different?"
REC-0339,HERB-0068,preparation,"Why is Epimedium not recommended for unsupervised use, and what safety issues should I know about?"
REC-0340,HERB-0068,safety_interaction,Is Epimedium safe to use if someone is pregnant or breastfeeding?
REC-0340,HERB-0068,safety_interaction,"What side effects have been reported with Epimedium, like dizziness or a fast heartbeat?"
REC-0340,HERB-0068,safety_interaction,Can Epimedium interact with blood pressure medication or blood thinners?
REC-0340,HERB-0068,safety_interaction,Should people with heart rhythm problems or uncontrolled high blood pressure avoid Epimedium?
REC-0340,HERB-0068,safety_interaction,How do I know if an Epimedium product sold in Canada is properly licensed and legit?
REC-0341,HERB-0069,herb_profile,What is Cistanche stem (Rou Cong Rong) usually used for in traditional Chinese medicine?
REC-0341,HERB-0069,herb_profile,"Is there any modern research on Cistanche deserticola, and how strong is the evidence?"
REC-0341,HERB-0069,herb_profile,What side effects or safety concerns should I know about before taking Cistanche stem?
REC-0341,HERB-0069,herb_profile,"Who should avoid using Cistanche stem, especially if they’re pregnant or have digestive problems?"
REC-0341,HERB-0069,herb_profile,"How can I tell if a Cistanche product is legitimate and properly sourced, especially in Canada?"
REC-0342,HERB-0069,use_case,"What natural remedy is traditionally used for dry constipation or very dry stools, especially in older adults?"
REC-0342,HERB-0069,use_case,How is Cistanche stem thought to help constipation in traditional Chinese medicine?
REC-0342,HERB-0069,use_case,What does the evidence say about Cistanche deserticola for constipation?
REC-0342,HERB-0069,use_case,Are there any side effects or safety concerns with using Rou Cong Rong for constipation?
REC-0342,HERB-0069,use_case,"Who should avoid Cistanche stem, and when would constipation need urgent medical attention instead of self-care?"
REC-0343,HERB-0069,use_case,"What herb is traditionally used for tiredness and low libido, and what is it supposed to help with?"
REC-0343,HERB-0069,use_case,Can Cistanche stem help with fatigue or sexual weakness according to traditional use and modern evidence?
REC-0343,HERB-0069,use_case,"Is Rou Cong Rong usually taken as a tonic, and what traditional pattern is it linked to?"
REC-0343,HERB-0069,use_case,What side effects or safety concerns should I know about before using Cistanche deserticola?
REC-0343,HERB-0069,use_case,"Who should avoid Cistanche stem, and are there any medicine interactions or sourcing issues to watch for?"
REC-0344,HERB-0069,preparation,How do I tell if a Cistanche stem product is properly authenticated and good quality before using it?
REC-0344,HERB-0069,preparation,"What should I check when buying Rou Cong Rong in Canada, like the species, source, or NPN?"
REC-0344,HERB-0069,preparation,"What forms of Cistanche deserticola are commonly used, and is it usually made as a decoction or a licensed extract?"
REC-0344,HERB-0069,preparation,"Are there any safety reasons to avoid using Cistanche stem, especially if I’m pregnant or dealing with diarrhea or bowel obstruction?"
REC-0344,HERB-0069,preparation,"Can Cistanche interact with laxatives, blood pressure meds, or diabetes medicines?"
REC-0345,HERB-0069,safety_interaction,Can Cistanche stem cause side effects like diarrhea or stomach discomfort?
REC-0345,HERB-0069,safety_interaction,"Who should avoid using Cistanche deserticola, especially if someone is pregnant or has a bowel blockage?"
REC-0345,HERB-0069,safety_interaction,"Does Rou Cong Rong interact with laxatives, blood pressure medications, or diabetes medicines?"
REC-0345,HERB-0069,safety_interaction,Is it safe to take Cistanche stem if the product source or species isn’t clearly verified?
REC-0345,HERB-0069,safety_interaction,Why is practitioner guidance recommended before using Cistanche stem on your own?
REC-0346,HERB-0070,herb_profile,What is Morinda root (Ba Ji Tian) traditionally used for?
REC-0346,HERB-0070,herb_profile,"Is there good human evidence that Morinda officinalis actually works, or is the research still limited?"
REC-0346,HERB-0070,herb_profile,What safety issues or side effects should I know about with Morinda root?
REC-0346,HERB-0070,herb_profile,"Who should be careful about using Ba Ji Tian, especially if someone is pregnant or has kidney or liver problems?"
REC-0346,HERB-0070,herb_profile,How do I make sure I'm buying the right Morinda root product and not confusing it with noni?
REC-0347,HERB-0070,use_case,"What might help with low back weakness and that cold, weak feeling in the knees?"
REC-0347,HERB-0070,use_case,Is Morinda root traditionally used for kidney yang deficiency or lower back weakness?
REC-0347,HERB-0070,use_case,What does the evidence say about Ba Ji Tian for low back weakness?
REC-0347,HERB-0070,use_case,Are there any safety concerns with using Morinda officinalis if someone has kidney or liver problems?
REC-0347,HERB-0070,use_case,Can Morinda root interact with blood pressure medicines or potassium-sparing drugs?
REC-0348,HERB-0070,use_case,What is Morinda root traditionally used for when someone has low libido or erection problems?
REC-0348,HERB-0070,use_case,"Could Ba Ji Tian help with sexual function and fatigue, and what does the evidence say about it?"
REC-0348,HERB-0070,use_case,Why is Morinda officinalis associated with kidney yang deficiency and coldness in traditional Chinese medicine?
REC-0348,HERB-0070,use_case,"What safety issues should I know about before using Morinda root, especially if I have liver or kidney problems?"
REC-0348,HERB-0070,use_case,Can Morinda root interact with blood pressure meds or potassium-sparing medicines?
REC-0349,HERB-0070,preparation,How can I tell if a Morinda root product is the right species and not a substitute like noni?
REC-0349,HERB-0070,preparation,What should I check when buying Ba Ji Tian in Canada to make sure it’s a legitimate herbal product?
REC-0349,HERB-0070,preparation,"Is Morinda officinalis usually sold as a decoction or a licensed formula, and does the preparation form matter?"
REC-0349,HERB-0070,preparation,"Are there any safety concerns or side effects with Morinda root, especially for people with kidney or liver issues?"
REC-0349,HERB-0070,preparation,"What medicines might interact with Morinda officinalis root, and should I use it on my own or get practitioner guidance?"
REC-0350,HERB-0070,safety_interaction,What side effects or warning signs can happen with Morinda root?
REC-0350,HERB-0070,safety_interaction,"Who should be careful about using Ba Ji Tian, especially if they’re pregnant or have kidney or liver problems?"
REC-0350,HERB-0070,safety_interaction,Can Morinda officinalis interact with blood pressure meds or potassium-sparing drugs?
REC-0350,HERB-0070,safety_interaction,Why does the species or plant part matter for the safety of Morinda root products?
REC-0350,HERB-0070,safety_interaction,What should I check when buying Morinda root in Canada to make sure it’s the right product and properly licensed?
REC-0351,HERB-0071,herb_profile,"What is Solomon seal rhizome, and what plant does it come from?"
REC-0351,HERB-0071,herb_profile,What is Huang Jing traditionally used for in Chinese medicine or as a food?
REC-0351,HERB-0071,herb_profile,"How strong is the modern evidence for Solomon seal rhizome, and are extracts the same as eating the food form?"
REC-0351,HERB-0071,herb_profile,What side effects or safety concerns can happen with Huang Jing?
REC-0351,HERB-0071,herb_profile,"If I’m buying Solomon seal rhizome in Canada, what should I check on the product label or packaging?"
REC-0352,HERB-0071,use_case,What natural remedy is traditionally used for fatigue and weakness when someone has qi and yin deficiency?
REC-0352,HERB-0071,use_case,"Can Solomon seal rhizome help with persistent tiredness, and what does the modern evidence say about it?"
REC-0352,HERB-0071,use_case,What kind of traditional Chinese medicine pattern is Huang Jing associated with when fatigue and dryness are present?
REC-0352,HERB-0071,use_case,Are there any stomach side effects or allergy risks with using Polygonatum sibiricum for fatigue?
REC-0352,HERB-0071,use_case,Is Solomon seal rhizome safe to use if someone is pregnant or taking diabetes medicines?
REC-0353,HERB-0071,use_case,What natural remedies are traditionally used for dry mouth and poor appetite?
REC-0353,HERB-0071,use_case,Could Solomon seal rhizome help with thirst or appetite loss during recovery?
REC-0353,HERB-0071,use_case,What is Huang Jing traditionally used for besides dryness and low appetite?
REC-0353,HERB-0071,use_case,Is there any modern evidence that Polygonatum sibiricum works for dry mouth and appetite problems?
REC-0353,HERB-0071,use_case,"Are there any safety concerns or interactions with Solomon seal rhizome, especially with diabetes medicines or during pregnancy?"
REC-0354,HERB-0071,preparation,How should Solomon seal rhizome be prepared before using it?
REC-0354,HERB-0071,preparation,What should I check when buying Huang Jing in Canada?
REC-0354,HERB-0071,preparation,What’s the difference between using Solomon seal rhizome as food versus as an extract?
REC-0354,HERB-0071,preparation,Are there any side effects or allergy risks with Polygonatum sibiricum?
REC-0354,HERB-0071,preparation,"Who should be careful using Huang Jing, especially if they’re pregnant or taking diabetes medication?"
REC-0355,HERB-0071,safety_interaction,"What side effects can Solomon seal rhizome cause, like stomach upset or allergic reactions?"
REC-0355,HERB-0071,safety_interaction,Is Solomon seal rhizome safe to use during pregnancy?
REC-0355,HERB-0071,safety_interaction,Can Solomon seal rhizome interact with diabetes medicines or lower blood sugar too much?
REC-0355,HERB-0071,safety_interaction,Who should be careful about using Huang Jing if they have bloating or digestive congestion?
REC-0355,HERB-0071,safety_interaction,How can I tell if a Solomon seal rhizome product in Canada is properly labeled and safe to buy?
REC-0356,HERB-0072,herb_profile,"What is black sesame seed traditionally used for, and what kinds of issues has it been associated with in Chinese dietary therapy?"
REC-0356,HERB-0072,herb_profile,Is there good modern evidence that black sesame seed actually helps with things like hair loss or constipation?
REC-0356,HERB-0072,herb_profile,"What are the main safety concerns with black sesame seed, especially for people with allergies or swallowing problems?"
REC-0356,HERB-0072,herb_profile,Can black sesame seed interact with diabetes or blood-pressure medicines if someone uses concentrated sesame products?
REC-0356,HERB-0072,herb_profile,"How should I choose a good black sesame seed product to buy, and what should I look for on the label?"
REC-0357,HERB-0072,use_case,Can black sesame seed help with mild constipation or dry stool?
REC-0357,HERB-0072,use_case,How is black sesame traditionally used when someone has constipation?
REC-0357,HERB-0072,use_case,Is there any modern evidence that sesame is useful for constipation?
REC-0357,HERB-0072,use_case,Are there any side effects or reasons to avoid black sesame if I’m constipated?
REC-0357,HERB-0072,use_case,"What’s the best way to use black sesame as a food for constipation, and when should constipation get checked by a doctor?"
REC-0358,HERB-0072,use_case,What are the nutritional benefits of black sesame seed as a food support option?
REC-0358,HERB-0072,use_case,"Can black sesame seed help with dry stools, hair issues, or weakness that comes with aging?"
REC-0358,HERB-0072,use_case,"Is black sesame seed something most adults can safely use as a food, and who should avoid it?"
REC-0358,HERB-0072,use_case,"What side effects or cautions should I know about with sesame seeds, especially if someone has an allergy or trouble swallowing?"
REC-0358,HERB-0072,use_case,Could black sesame or concentrated sesame products affect blood sugar or blood pressure medicines?
REC-0359,HERB-0072,preparation,"How do I know if black sesame seed is the right product to buy, and what should I check before using it?"
REC-0359,HERB-0072,preparation,What’s the best way to use black sesame seed as a food — like in porridge or paste — instead of treating it like a medicine?
REC-0359,HERB-0072,preparation,"Are there any safety concerns with black sesame seed, especially for people with sesame allergy or swallowing problems?"
REC-0359,HERB-0072,preparation,Can black sesame seed affect blood sugar or blood pressure if it’s used in a concentrated form?
REC-0359,HERB-0072,preparation,"If I’m buying black sesame seed in Canada, what labeling or packaging details should I look for?"
REC-0360,HERB-0072,safety_interaction,Is black sesame seed safe if someone has a sesame allergy?
REC-0360,HERB-0072,safety_interaction,Can black sesame seed cause any side effects or stomach upset if eaten in large amounts?
REC-0360,HERB-0072,safety_interaction,Should people with trouble swallowing be careful with black sesame seed?
REC-0360,HERB-0072,safety_interaction,Could concentrated black sesame products affect blood sugar or blood pressure medicines?
REC-0360,HERB-0072,safety_interaction,"What should I check before using black sesame seed medicinally, like pregnancy, surgery plans, or other medicines?"
REC-0361,HERB-0073,herb_profile,"What is walnut used for in traditional Chinese medicine, and what kinds of issues is it traditionally linked to?"
REC-0361,HERB-0073,herb_profile,"Is walnut mainly used as a food or as a medicinal herb, and how is it generally taken in practice?"
REC-0361,HERB-0073,herb_profile,What does the modern evidence say about eating walnuts for heart health or cardiovascular nutrition?
REC-0361,HERB-0073,herb_profile,"Are there any important safety concerns with walnuts, like allergies, calorie concerns, or problems with swallowing?"
REC-0361,HERB-0073,herb_profile,"If I'm buying walnuts in Canada, what should I look for on the package to make sure I'm choosing a good product?"
REC-0362,HERB-0073,use_case,Can walnuts be part of a diet for better heart health or cholesterol management?
REC-0362,HERB-0073,use_case,What are the traditional uses of walnut kernels besides cardiovascular nutrition?
REC-0362,HERB-0073,use_case,"Is walnut considered a nourishing food in traditional Chinese medicine, and what kinds of patterns is it linked with?"
REC-0362,HERB-0073,use_case,"Are there any safety concerns with eating walnuts, especially for people with tree-nut allergies or swallowing problems?"
REC-0362,HERB-0073,use_case,"Can someone taking warfarin still eat walnuts, or do they need to avoid them?"
REC-0363,HERB-0073,use_case,"Could walnuts help with mild constipation, or are they just a fiber source?"
REC-0363,HERB-0073,use_case,How are walnuts traditionally used in Chinese medicine for bowel issues?
REC-0363,HERB-0073,use_case,What should I keep in mind if I want to use walnuts as part of my diet for constipation?
REC-0363,HERB-0073,use_case,Are there any safety concerns with eating walnuts if I have a tree-nut allergy or trouble swallowing?
REC-0363,HERB-0073,use_case,Can walnuts be an issue if I'm taking warfarin?
REC-0364,HERB-0073,preparation,How should I prepare walnuts for everyday use as food?
REC-0364,HERB-0073,preparation,What should I check when buying walnut kernels in Canada?
REC-0364,HERB-0073,preparation,Is walnut safe if I have a tree-nut allergy?
REC-0364,HERB-0073,preparation,Can walnuts be a problem if I'm on warfarin?
REC-0364,HERB-0073,preparation,Are there any concerns with walnuts if I need to watch my calories or have trouble swallowing?
REC-0365,HERB-0073,safety_interaction,"Is walnut safe for someone with a tree-nut allergy, or should they avoid it completely?"
REC-0365,HERB-0073,safety_interaction,"What side effects or practical problems can happen with walnuts, like rancid nuts or too many calories?"
REC-0365,HERB-0073,safety_interaction,"Can I eat walnuts while taking warfarin, or do I need to be careful about consistency in my diet?"
REC-0365,HERB-0073,safety_interaction,Who should be cautious about walnut because of swallowing problems or trying to limit calories?
REC-0365,HERB-0073,safety_interaction,"When would walnut use need a professional review before someone takes it medicinally, like if they're pregnant or on other medicines?"
REC-0366,HERB-0074,herb_profile,"What is longan fruit traditionally used for, especially in relation to sleep, memory, or palpitations?"
REC-0366,HERB-0074,herb_profile,"Is there good modern evidence that longan fruit helps with anxiety, sleep, or memory problems?"
REC-0366,HERB-0074,herb_profile,"Are there any safety concerns with eating longan fruit, like high sugar, allergies, or stomach upset?"
REC-0366,HERB-0074,herb_profile,"Who should be careful about using longan fruit, such as people with diabetes, dental problems, or fruit allergies?"
REC-0366,HERB-0074,herb_profile,"What should I look for when buying dried longan fruit, especially if I want to use it in food, tea, or soup?"
REC-0367,HERB-0074,use_case,Could longan fruit help with sleep problems or restless nights?
REC-0367,HERB-0074,use_case,Is longan fruit traditionally used for palpitations or restlessness?
REC-0367,HERB-0074,use_case,What does the modern evidence say about longan fruit for insomnia or sleep difficulty?
REC-0367,HERB-0074,use_case,Are there any cautions if someone with diabetes wants to use dried longan fruit?
REC-0367,HERB-0074,use_case,"How is longan fruit usually used in food, tea, or soup when people take it for sleep support?"
REC-0368,HERB-0074,use_case,"What can help with fatigue and poor appetite, and is longan fruit used for that?"
REC-0368,HERB-0074,use_case,Is longan fruit more of a nourishing food than a proven treatment for recovery and tiredness?
REC-0368,HERB-0074,use_case,What traditional uses does longan fruit have besides energy and recovery?
REC-0368,HERB-0074,use_case,Are there any safety concerns with eating longan fruit if I have diabetes or a fruit allergy?
REC-0368,HERB-0074,use_case,Can longan fruit affect blood sugar or interact with diabetes medicines if I eat it regularly?
REC-0369,HERB-0074,preparation,"How do I use dried longan fruit in food, tea, or soup without assuming it has medicinal effects?"
REC-0369,HERB-0074,preparation,What should I check to make sure longan fruit is a good-quality product before buying it?
REC-0369,HERB-0074,preparation,"If I'm shopping for longan fruit in Canada, what labels or details should I look for?"
REC-0369,HERB-0074,preparation,"Are there any cautions with longan fruit if someone has diabetes, dental problems, or a fruit allergy?"
REC-0369,HERB-0074,preparation,Can longan fruit affect blood sugar if it's taken with diabetes medicines?
REC-0370,HERB-0074,safety_interaction,"Is longan fruit safe if I have diabetes, or could it mess with blood sugar control?"
REC-0370,HERB-0074,safety_interaction,What side effects can happen if you eat a lot of longan fruit?
REC-0370,HERB-0074,safety_interaction,"Who should be careful with longan fruit because of allergies, diabetes, or dental problems?"
REC-0370,HERB-0074,safety_interaction,Can longan fruit interact with diabetes medications?
REC-0370,HERB-0074,safety_interaction,What should I look for when buying dried longan in Canada to make sure it's a safe food product?
REC-0371,HERB-0075,herb_profile,"What is ginkgo leaf extract usually used for in herbal practice, like memory or circulation?"
REC-0371,HERB-0075,herb_profile,"Does ginkgo actually help prevent dementia, or is the evidence weak?"
REC-0371,HERB-0075,herb_profile,"Is ginkgo supposed to be taken as the leaf extract, or can you use the seeds too?"
REC-0371,HERB-0075,herb_profile,What side effects or safety concerns should I know about before using ginkgo?
REC-0371,HERB-0075,herb_profile,"Can ginkgo interact with blood thinners, seizure medicines, or other common medications?"
REC-0372,HERB-0075,use_case,Can ginkgo help with memory problems or cognitive decline?
REC-0372,HERB-0075,use_case,What does the evidence say about ginkgo for preventing dementia?
REC-0372,HERB-0075,use_case,"Is standardized ginkgo leaf extract used for memory concerns, and should I avoid the seeds?"
REC-0372,HERB-0075,use_case,What side effects or safety issues can ginkgo cause?
REC-0372,HERB-0075,use_case,"Who should be careful with ginkgo, especially if they have a bleeding disorder, seizures, or are having surgery?"
REC-0373,HERB-0075,use_case,Can ginkgo help with tinnitus or ringing in the ears?
REC-0373,HERB-0075,use_case,What should I know about using Ginkgo biloba for circulation-related tinnitus?
REC-0373,HERB-0075,use_case,Is the evidence for ginkgo as a tinnitus remedy actually strong?
REC-0373,HERB-0075,use_case,Are there any side effects or safety concerns with taking ginkgo leaf extract?
REC-0373,HERB-0075,use_case,"Who should avoid ginkgo, especially if they have bleeding problems, seizures, are pregnant, or are having surgery?"
REC-0374,HERB-0075,preparation,What should I check on a Ginkgo supplement label before buying it in Canada?
REC-0374,HERB-0075,preparation,"Is it safe to use raw ginkgo seeds, or should I stick to the leaf extract?"
REC-0374,HERB-0075,preparation,What kind of Ginkgo product is actually recommended for use instead of random herbal preparations?
REC-0374,HERB-0075,preparation,"Are there any health conditions or situations, like surgery or pregnancy, where ginkgo should be used with caution?"
REC-0374,HERB-0075,preparation,Can ginkgo interact with blood thinners or seizure medicines?
REC-0375,HERB-0075,safety_interaction,What side effects can happen with ginkgo leaf extract?
REC-0375,HERB-0075,safety_interaction,Is Ginkgo safe if someone has a bleeding disorder or needs surgery?
REC-0375,HERB-0075,safety_interaction,"Can ginkgo interact with blood thinners, antiplatelet drugs, or anticonvulsants?"
REC-0375,HERB-0075,safety_interaction,Is it safe to use ginkgo during pregnancy or if someone has a seizure disorder?
REC-0375,HERB-0075,safety_interaction,What should I check when buying a Ginkgo biloba product in Canada?
REC-0376,HERB-0076,herb_profile,What is St. John's wort usually used for in herbal medicine?
REC-0376,HERB-0076,herb_profile,Is there good evidence that St. John's wort helps with mild to moderate depression?
REC-0376,HERB-0076,herb_profile,"What side effects can happen with St. John's wort, especially photosensitivity or insomnia?"
REC-0376,HERB-0076,herb_profile,"Which medicines can St. John's wort interfere with, and why is it considered risky to mix with other drugs?"
REC-0376,HERB-0076,herb_profile,How do I choose a safe St. John's wort product in Canada?
REC-0377,HERB-0076,use_case,What herbs or remedies are sometimes used for mild to moderate depression or low mood?
REC-0377,HERB-0076,use_case,Can St. John's wort help with mild to moderate depressive symptoms or anxiety?
REC-0377,HERB-0076,use_case,What does the evidence say about standardized extracts of St. John's wort for depression?
REC-0377,HERB-0076,use_case,What side effects or risks should I know about before using St. John's wort?
REC-0377,HERB-0076,use_case,Is St. John's wort safe to take with antidepressants or other prescription medicines like birth control or warfarin?
REC-0378,HERB-0076,use_case,Could St. John's wort help if my trouble sleeping seems tied to feeling low or depressed?
REC-0378,HERB-0076,use_case,"Is there any real evidence that St. John's wort works as a sleep aid, or is it mainly used for mood symptoms?"
REC-0378,HERB-0076,use_case,Can St. John's wort actually make insomnia worse or cause restlessness?
REC-0378,HERB-0076,use_case,"What medications or health conditions make St. John's wort unsafe to use, especially if someone is on antidepressants?"
REC-0378,HERB-0076,use_case,"If I were buying a St. John's wort product in Canada, what should I check on the label or package?"
REC-0379,HERB-0076,preparation,How should I choose a St. John's wort product if I'm buying it in Canada?
REC-0379,HERB-0076,preparation,What should I check on the label before using St. John's wort extract?
REC-0379,HERB-0076,preparation,Why is it important to verify the botanical name and standardization for St. John's wort products?
REC-0379,HERB-0076,preparation,"What kind of St. John's wort preparation is mentioned here, and is it something I should use on my own?"
REC-0379,HERB-0076,preparation,"If I'm thinking about taking St. John's wort, what safety or drug-interaction warnings should I look for first?"
REC-0380,HERB-0076,safety_interaction,Is St. John's wort safe if I'm taking antidepressants or other prescription medicines?
REC-0380,HERB-0076,safety_interaction,"What side effects can happen with St. John's wort, like photosensitivity or serotonin toxicity?"
REC-0380,HERB-0076,safety_interaction,"Who should avoid using St. John's wort, especially if someone has bipolar disorder, is pregnant, or has severe depression?"
REC-0380,HERB-0076,safety_interaction,"Can St. John's wort make birth control, warfarin, HIV meds, or seizure medicines less effective?"
REC-0380,HERB-0076,safety_interaction,"Is St. John's wort okay to use without medical supervision, or should it be checked by a professional first?"
REC-0381,HERB-0077,herb_profile,What is kava usually used for in Pacific traditions?
REC-0381,HERB-0077,herb_profile,Is there any evidence that kava can help with anxiety?
REC-0381,HERB-0077,herb_profile,What side effects or safety problems should I know about with kava?
REC-0381,HERB-0077,herb_profile,"Who should avoid kava, especially if they have liver issues or are pregnant?"
REC-0381,HERB-0077,herb_profile,How can I tell if a kava product in Canada is a properly licensed one?
REC-0382,HERB-0077,use_case,What natural remedy is traditionally used for anxiety and relaxation in Pacific island traditions?
REC-0382,HERB-0077,use_case,"Does kava have any modern evidence for helping with anxiety, and how strong is it?"
REC-0382,HERB-0077,use_case,What side effects can kava cause if someone uses it for anxiety?
REC-0382,HERB-0077,use_case,"Who should avoid kava, especially if they have liver problems, are pregnant, or take sedatives?"
REC-0382,HERB-0077,use_case,"If someone is looking to buy kava in Canada, what should they check on the product label before using it?"
REC-0383,HERB-0077,use_case,"Could kava help with trouble sleeping, or is the evidence for insomnia still weak?"
REC-0383,HERB-0077,use_case,What are the main risks or side effects of using kava for sleep difficulty?
REC-0383,HERB-0077,use_case,"Who should avoid kava, especially if they have liver problems or are pregnant?"
REC-0383,HERB-0077,use_case,"Can kava be taken with alcohol, sleep medicines, or other sedatives?"
REC-0383,HERB-0077,use_case,"Is kava a good choice for relaxation or restlessness, or is it not recommended for self-use?"
REC-0384,HERB-0077,preparation,How do I tell if a kava product is the right kind before buying it?
REC-0384,HERB-0077,preparation,What should I check on a Canadian kava supplement label to make sure it’s legit?
REC-0384,HERB-0077,preparation,"Is it safe to use kava by itself for medicinal purposes, or should it only be used with professional advice?"
REC-0384,HERB-0077,preparation,"What kind of kava preparation is mentioned here, and does the form of the product prove it actually works?"
REC-0384,HERB-0077,preparation,"What warnings should I know about with kava, especially around alcohol, sedatives, or liver problems?"
REC-0385,HERB-0077,safety_interaction,Is kava safe to use if someone has liver disease?
REC-0385,HERB-0077,safety_interaction,"Can I take kava with alcohol or medicines like benzodiazepines, sleep aids, opioids, or other sedatives?"
REC-0385,HERB-0077,safety_interaction,What side effects can kava cause?
REC-0385,HERB-0077,safety_interaction,Should kava be avoided during pregnancy or breastfeeding?
REC-0385,HERB-0077,safety_interaction,Is it safe to use kava before driving or having surgery?
REC-0386,HERB-0078,herb_profile,What is black cohosh usually used for in Western herbal medicine?
REC-0386,HERB-0078,herb_profile,Is there good evidence that black cohosh helps with hot flashes or night sweats?
REC-0386,HERB-0078,herb_profile,What side effects or safety concerns are linked to black cohosh?
REC-0386,HERB-0078,herb_profile,"Who should be careful about using black cohosh, especially if they have liver problems or are pregnant?"
REC-0386,HERB-0078,herb_profile,What should I look for when buying a black cohosh product in Canada?
REC-0387,HERB-0078,use_case,What might help with menopausal hot flashes or night sweats?
REC-0387,HERB-0078,use_case,Is black cohosh used for menopause symptoms in Western herbal practice?
REC-0387,HERB-0078,use_case,How strong is the evidence for black cohosh for hot flashes?
REC-0387,HERB-0078,use_case,What side effects should I watch for with black cohosh?
REC-0387,HERB-0078,use_case,"Who should avoid black cohosh or use extra caution, especially with liver problems, pregnancy, or hormone-sensitive conditions?"
REC-0388,HERB-0078,use_case,"Could black cohosh help with sleep problems during menopause, especially if hot flashes are waking me up?"
REC-0388,HERB-0078,use_case,"Is black cohosh actually a sedative, or is it meant for something else when menopause affects sleep?"
REC-0388,HERB-0078,use_case,How strong is the evidence that black cohosh improves menopause-related insomnia or night sweats?
REC-0388,HERB-0078,use_case,What side effects or warning signs should I watch for if I’m thinking about using black cohosh?
REC-0388,HERB-0078,use_case,"Who should be careful about taking black cohosh, and does it interact with liver-toxic medicines or hormone therapy?"
REC-0389,HERB-0078,preparation,How should I check if a black cohosh product is the real Actaea racemosa before buying it?
REC-0389,HERB-0078,preparation,"What should I look for on a black cohosh supplement label in Canada, like an NPN or other quality details?"
REC-0389,HERB-0078,preparation,"Is there a specific form of black cohosh that's usually used, or does the product type matter?"
REC-0389,HERB-0078,preparation,"What safety warnings should I know before using black cohosh, especially if I have liver problems or hormone-sensitive issues?"
REC-0389,HERB-0078,preparation,"Can black cohosh interact with medications, like liver-affecting drugs or hormone therapy?"
REC-0390,HERB-0078,safety_interaction,Is black cohosh safe to use if someone has liver disease?
REC-0390,HERB-0078,safety_interaction,"What side effects can happen with black cohosh, especially any signs of liver problems?"
REC-0390,HERB-0078,safety_interaction,Should black cohosh be avoided during pregnancy or if someone has unexplained vaginal bleeding?
REC-0390,HERB-0078,safety_interaction,Can black cohosh interact with hormone therapy or medicines that can affect the liver?
REC-0390,HERB-0078,safety_interaction,What should I check on a black cohosh product in Canada before buying it?
REC-0391,HERB-0079,herb_profile,"What is cranberry usually used for traditionally, and does it actually help prevent UTIs?"
REC-0391,HERB-0079,herb_profile,"Can cranberry products help stop a urinary tract infection if I already have symptoms, or are they only for prevention?"
REC-0391,HERB-0079,herb_profile,"What side effects or risks should I know about with cranberry, especially if I get kidney stones?"
REC-0391,HERB-0079,herb_profile,Is cranberry safe to use if I'm taking warfarin or diabetes medicine?
REC-0391,HERB-0079,herb_profile,"What should I look for when buying a cranberry supplement or juice, especially in Canada?"
REC-0392,HERB-0079,use_case,"Can cranberry help prevent recurring UTIs, or is that just a traditional use?"
REC-0392,HERB-0079,use_case,What are some common side effects or downsides of cranberry products?
REC-0392,HERB-0079,use_case,Is cranberry safe to use if someone has kidney stones or is taking warfarin?
REC-0392,HERB-0079,use_case,"Should cranberry be used for an active urinary tract infection, or only for prevention?"
REC-0392,HERB-0079,use_case,"What kind of cranberry product is best if I want to support urinary health, like unsweetened juice or a standardized supplement?"
REC-0393,HERB-0079,use_case,"Can cranberry help with burning when I pee, urinary frequency, or urgency?"
REC-0393,HERB-0079,use_case,"Is cranberry actually useful for an active UTI, or is it more for prevention?"
REC-0393,HERB-0079,use_case,"If I have urinary symptoms, should I still get tested instead of trying cranberry first?"
REC-0393,HERB-0079,use_case,What should I watch out for with cranberry if I’m prone to kidney stones or take warfarin?
REC-0393,HERB-0079,use_case,"What kind of cranberry product is better to buy for urinary health, like juice, food, or a licensed supplement?"
REC-0394,HERB-0079,preparation,What should I check on a cranberry supplement or juice before buying it in Canada?
REC-0394,HERB-0079,preparation,How can I tell if a cranberry product is an unsweetened food item or a standardized licensed product?
REC-0394,HERB-0079,preparation,"Is cranberry something you can use for a urinary tract infection, or only for prevention?"
REC-0394,HERB-0079,preparation,"Are there any safety concerns with cranberry if you have kidney stones, diabetes, or take warfarin?"
REC-0394,HERB-0079,preparation,What kind of cranberry products are generally okay for most adults to use as food?
REC-0395,HERB-0079,safety_interaction,Is cranberry safe to take if you have a history of kidney stones?
REC-0395,HERB-0079,safety_interaction,Can cranberry products interact with warfarin or blood thinners?
REC-0395,HERB-0079,safety_interaction,"Is cranberry juice a good idea for someone with diabetes, especially if it’s sweetened?"
REC-0395,HERB-0079,safety_interaction,"Does cranberry help treat an active urinary tract infection, or is it only more for prevention?"
REC-0395,HERB-0079,safety_interaction,"What side effects can happen with cranberry, and when should someone get professional advice before using it?"
REC-0396,HERB-0080,herb_profile,What is flaxseed usually used for as a food or remedy?
REC-0396,HERB-0080,herb_profile,Does flaxseed have any evidence-backed benefits for constipation or heart-related health issues?
REC-0396,HERB-0080,herb_profile,What side effects or problems can happen if I use flaxseed?
REC-0396,HERB-0080,herb_profile,"Who should avoid flaxseed, or be careful with it, like people with bowel problems or before surgery?"
REC-0396,HERB-0080,herb_profile,"How should I buy and store flaxseed if I want to use it safely, especially in Canada?"
REC-0397,HERB-0080,use_case,Can flaxseed help with constipation or hard stools?
REC-0397,HERB-0080,use_case,How is flaxseed usually used for constipation in a way that’s easier on the stomach?
REC-0397,HERB-0080,use_case,What side effects can happen if I use flaxseed for constipation without enough fluid?
REC-0397,HERB-0080,use_case,Who should avoid flaxseed if they have constipation or belly problems?
REC-0397,HERB-0080,use_case,"Does flaxseed interact with prescription medicines like blood thinners, blood pressure drugs, or diabetes meds?"
REC-0398,HERB-0080,use_case,"Can flaxseed help lower cholesterol, and how strong is the evidence for it?"
REC-0398,HERB-0080,use_case,Is flaxseed used for heart health as part of a healthy diet?
REC-0398,HERB-0080,use_case,What are the benefits of flaxseed’s fiber and alpha-linolenic acid for cholesterol support?
REC-0398,HERB-0080,use_case,What side effects or stomach problems can happen if I take flaxseed without enough fluid?
REC-0398,HERB-0080,use_case,"Are there any medicines or health conditions that mean I should be careful with flaxseed, like before surgery or if I take blood thinners?"
REC-0399,HERB-0080,preparation,How should flaxseed be prepared if I want to use the ground seed safely at home?
REC-0399,HERB-0080,preparation,What should I look for when buying flaxseed in Canada to make sure it's a good-quality product?
REC-0399,HERB-0080,preparation,"Is flaxseed usually sold as food-grade seed or as a licensed natural health product, and how can I tell the difference?"
REC-0399,HERB-0080,preparation,What problems can happen if I take flaxseed without enough fluid?
REC-0399,HERB-0080,preparation,"Are there any medicines or health situations where flaxseed might not be a good idea, like before surgery or with blood thinners?"
REC-0400,HERB-0080,safety_interaction,"What side effects can happen with flaxseed, especially if it isn't taken with enough fluid?"
REC-0400,HERB-0080,safety_interaction,"Who should avoid using flaxseed or get medical advice first, like people with bowel obstruction or swallowing problems?"
REC-0400,HERB-0080,safety_interaction,"Can flaxseed interfere with medicines such as blood thinners, blood pressure pills, or diabetes medications?"
REC-0400,HERB-0080,safety_interaction,Is flaxseed safe to take around the time of surgery?
REC-0400,HERB-0080,safety_interaction,"What should I look for when buying flaxseed in Canada, especially if I want it as a food or a therapeutic product?"
REC-0401,HERB-0081,herb_profile,What is fenugreek usually used for in traditional herbal practice?
REC-0401,HERB-0081,herb_profile,Does fenugreek have any evidence for helping with blood sugar or breastfeeding?
REC-0401,HERB-0081,herb_profile,What side effects or safety issues can happen with fenugreek seeds?
REC-0401,HERB-0081,herb_profile,"Who should be careful or avoid fenugreek, especially during pregnancy or if they have allergies or diabetes?"
REC-0401,HERB-0081,herb_profile,What should I look for when buying a fenugreek product in Canada?
REC-0402,HERB-0081,use_case,Can fenugreek help with blood sugar control if I have type 2 diabetes?
REC-0402,HERB-0081,use_case,What does the evidence say about fenugreek for lowering glucose levels?
REC-0402,HERB-0081,use_case,Is it safe to take fenugreek together with diabetes medication?
REC-0402,HERB-0081,use_case,What side effects can fenugreek cause when used for blood sugar support?
REC-0402,HERB-0081,use_case,Are there any warnings about using fenugreek during pregnancy or if I have a peanut or chickpea allergy?
REC-0403,HERB-0081,use_case,Can fenugreek help with low breast-milk supply after birth?
REC-0403,HERB-0081,use_case,"Is fenugreek actually effective as a galactagogue, or is the evidence too weak?"
REC-0403,HERB-0081,use_case,What side effects can happen when using fenugreek for breastfeeding or milk supply?
REC-0403,HERB-0081,use_case,"Who should avoid medicinal fenugreek, especially during pregnancy or if they have diabetes or a bleeding disorder?"
REC-0403,HERB-0081,use_case,"Does fenugreek interact with diabetes medications, blood thinners, or other oral medicines?"
REC-0404,HERB-0081,preparation,How do I know if a fenugreek product is the right seed or extract before buying it?
REC-0404,HERB-0081,preparation,"What should I look for on a Canadian fenugreek supplement label, like an NPN or other quality details?"
REC-0404,HERB-0081,preparation,Is fenugreek as a food spice lower risk than using it as a medicinal product?
REC-0404,HERB-0081,preparation,"What side effects can happen with fenugreek, especially things like gas, diarrhea, or a maple-syrup body smell?"
REC-0404,HERB-0081,preparation,"Who should be careful with fenugreek because of pregnancy, allergies, diabetes, or bleeding problems?"
REC-0405,HERB-0081,safety_interaction,"Is fenugreek safe to take if I'm pregnant, or should it be avoided in medicinal amounts?"
REC-0405,HERB-0081,safety_interaction,What side effects can happen with fenugreek seeds or supplements?
REC-0405,HERB-0081,safety_interaction,"Can fenugreek interact with diabetes medicines, blood thinners, or antiplatelet drugs?"
REC-0405,HERB-0081,safety_interaction,Should I be careful using fenugreek if I have a peanut or chickpea allergy?
REC-0405,HERB-0081,safety_interaction,What should I check on a fenugreek product label in Canada before buying it?
REC-0406,HERB-0082,herb_profile,"What is saw palmetto usually used for in herbal practice, especially when someone has urinary problems from an enlarged prostate?"
REC-0406,HERB-0082,herb_profile,"Does saw palmetto actually help with BPH symptoms, or is the evidence pretty weak?"
REC-0406,HERB-0082,herb_profile,What side effects or safety issues can happen with saw palmetto?
REC-0406,HERB-0082,herb_profile,"Are there any medicines or health conditions that make saw palmetto a bad idea, like blood thinners or prostate cancer concerns?"
REC-0406,HERB-0082,herb_profile,"If I’m buying saw palmetto in Canada, how can I tell if it’s a proper standardized product?"
REC-0407,HERB-0082,use_case,"What is often used for urinary problems from an enlarged prostate, like a weak urine stream or needing to pee a lot at night?"
REC-0407,HERB-0082,use_case,"Can saw palmetto help with BPH symptoms, and what does the research say about it?"
REC-0407,HERB-0082,use_case,"If someone has urinary frequency or nighttime urination from an enlarged prostate, should they get checked by a doctor before trying saw palmetto?"
REC-0407,HERB-0082,use_case,What side effects or safety issues can happen with saw palmetto for prostate-related urinary symptoms?
REC-0407,HERB-0082,use_case,"Does saw palmetto interact with blood thinners or hormone medicines, and are there situations where it shouldn't be used?"
REC-0408,HERB-0082,use_case,Can saw palmetto help with hair loss or thinning hair?
REC-0408,HERB-0082,use_case,What kinds of hair loss is saw palmetto sometimes marketed for?
REC-0408,HERB-0082,use_case,Is there good evidence that saw palmetto works for androgenic hair loss?
REC-0408,HERB-0082,use_case,What side effects or safety issues should I know about before using saw palmetto for hair loss?
REC-0408,HERB-0082,use_case,Are there any medications or health conditions that make saw palmetto a bad idea?
REC-0409,HERB-0082,preparation,How do I know if a saw palmetto product is a real Serenoa repens fruit extract and not just a random supplement?
REC-0409,HERB-0082,preparation,"What should I check on a Canadian saw palmetto label before buying it, like the NPN or standardization details?"
REC-0409,HERB-0082,preparation,"Is saw palmetto something I can use on my own for urinary symptoms from an enlarged prostate, or should I talk to a clinician first?"
REC-0409,HERB-0082,preparation,"What side effects or safety issues can come up with saw palmetto, especially bleeding or stomach upset?"
REC-0409,HERB-0082,preparation,"Are there any medicines or health conditions that make saw palmetto a bad idea, like blood thinners, hormone therapy, or prostate cancer concerns?"
REC-0410,HERB-0082,safety_interaction,"What side effects can saw palmetto cause, and when should someone get checked by a doctor instead of using it on their own?"
REC-0410,HERB-0082,safety_interaction,"Is saw palmetto safe to take if someone has urinary retention, blood in the urine, or might have prostate cancer?"
REC-0410,HERB-0082,safety_interaction,"Can saw palmetto interact with blood thinners, antiplatelet drugs, or hormone-related medicines?"
REC-0410,HERB-0082,safety_interaction,What should people with a bleeding disorder or upcoming surgery know before using saw palmetto?
REC-0410,HERB-0082,safety_interaction,"When buying saw palmetto in Canada, what should I look for on the label to make sure it’s the right product?"
REC-0411,HERB-0083,herb_profile,What is horse chestnut usually used for in herbal practice?
REC-0411,HERB-0083,herb_profile,Is horse chestnut actually helpful for chronic venous insufficiency or leg swelling?
REC-0411,HERB-0083,herb_profile,"What parts of horse chestnut are unsafe to use, and why?"
REC-0411,HERB-0083,herb_profile,Are there any medicines or health conditions that make horse chestnut a bad idea?
REC-0411,HERB-0083,herb_profile,"How can I tell if a horse chestnut product is the right kind to buy, especially in Canada?"
REC-0412,HERB-0083,use_case,"What can help with chronic venous insufficiency and symptoms like leg swelling, varicose veins, or heavy legs?"
REC-0412,HERB-0083,use_case,Is horse chestnut used for poor vein circulation or chronic venous insufficiency in herbal practice?
REC-0412,HERB-0083,use_case,What does the evidence say about horse chestnut extract for short-term relief of chronic venous insufficiency symptoms?
REC-0412,HERB-0083,use_case,"Are there any safety concerns or side effects with horse chestnut, especially if someone has bleeding issues or is pregnant?"
REC-0412,HERB-0083,use_case,"How should horse chestnut be prepared or bought safely, and why is raw seed tea not a good idea?"
REC-0413,HERB-0083,use_case,Could horse chestnut help with hemorrhoid symptoms like swelling or discomfort?
REC-0413,HERB-0083,use_case,"Is there any evidence that horse chestnut works for hemorrhoids, or is it mostly traditional use?"
REC-0413,HERB-0083,use_case,What kind of horse chestnut product is actually safe to use for venous problems or hemorrhoid support?
REC-0413,HERB-0083,use_case,What side effects or safety issues should I know about before taking horse chestnut extract?
REC-0413,HERB-0083,use_case,"Who should avoid horse chestnut, especially if they're pregnant, have kidney or liver disease, or take blood thinners?"
REC-0414,HERB-0083,preparation,"What should I look for when buying horse chestnut in Canada so I know it’s a safe, legitimate product?"
REC-0414,HERB-0083,preparation,"Is horse chestnut supposed to be a standardized seed extract, and how is that different from using raw seeds or making a tea?"
REC-0414,HERB-0083,preparation,Why do people use horse chestnut preparations for leg swelling or discomfort?
REC-0414,HERB-0083,preparation,"What warnings should I know before using horse chestnut if I’m pregnant or have kidney, liver, or bleeding problems?"
REC-0414,HERB-0083,preparation,"Can horse chestnut interact with blood thinners, diabetes medicines, or other prescription drugs?"
REC-0415,HERB-0083,safety_interaction,Is horse chestnut safe to take if I'm on blood thinners or antiplatelet medication?
REC-0415,HERB-0083,safety_interaction,What side effects can happen with horse chestnut seed extract?
REC-0415,HERB-0083,safety_interaction,"Who should avoid horse chestnut, especially if they’re pregnant or have kidney or liver problems?"
REC-0415,HERB-0083,safety_interaction,"Can I use horse chestnut before surgery, or is that risky?"
REC-0415,HERB-0083,safety_interaction,What should I check on a Canadian horse chestnut product label to make sure it’s a proper standardized seed extract?
REC-0416,HERB-0084,herb_profile,"What is Aloe vera usually used for, and how is the leaf gel different from the latex part?"
REC-0416,HERB-0084,herb_profile,Can aloe vera gel actually help with minor burns or skin irritation?
REC-0416,HERB-0084,herb_profile,Is it safe to use aloe latex as a laxative at home?
REC-0416,HERB-0084,herb_profile,"What side effects or risks can happen with aloe vera, especially if someone takes the latex by mouth?"
REC-0416,HERB-0084,herb_profile,What should I check when buying aloe vera products in Canada to make sure I’m getting the right kind?
REC-0417,HERB-0084,use_case,Can aloe vera gel help with a minor burn or sunburn?
REC-0417,HERB-0084,use_case,Is aloe vera good for skin irritation on intact skin?
REC-0417,HERB-0084,use_case,What's the difference between aloe vera leaf gel and aloe latex when using it at home?
REC-0417,HERB-0084,use_case,Are there any side effects or risks with using aloe vera on burns or irritated skin?
REC-0417,HERB-0084,use_case,When should I get medical care instead of treating a burn with aloe vera?
REC-0418,HERB-0084,use_case,"Can aloe vera help with constipation, or is it not a good idea to use it for that?"
REC-0418,HERB-0084,use_case,"What did aloe latex get used for traditionally, and is it still considered safe for constipation now?"
REC-0418,HERB-0084,use_case,Why shouldn't I take aloe latex by mouth if I'm constipated?
REC-0418,HERB-0084,use_case,Are there any health risks or side effects from using aloe vera orally versus using it on the skin?
REC-0418,HERB-0084,use_case,"Who should avoid oral aloe latex, especially if they have kidney problems, bowel disease, or are pregnant?"
REC-0419,HERB-0084,preparation,How can I tell if an Aloe vera product is the leaf gel or the latex before I buy it?
REC-0419,HERB-0084,preparation,What should I look for on a Canadian Aloe vera product label to make sure it’s legitimate and safe?
REC-0419,HERB-0084,preparation,"Is Aloe vera gel okay for minor skin irritation or burns, and when is it better to avoid self-treating?"
REC-0419,HERB-0084,preparation,"Why is Aloe vera latex not something you should take at home, and what problems can it cause?"
REC-0419,HERB-0084,preparation,What medications or health conditions can make oral Aloe vera products risky or interact badly?
REC-0420,HERB-0084,safety_interaction,Is Aloe vera gel safe to use on minor skin irritation or a small burn?
REC-0420,HERB-0084,safety_interaction,What side effects can happen if someone takes aloe latex by mouth?
REC-0420,HERB-0084,safety_interaction,"Who should avoid oral aloe latex, especially if they're pregnant, breastfeeding, or have kidney or bowel problems?"
REC-0420,HERB-0084,safety_interaction,"Can Aloe vera interact with medications like digoxin, diuretics, diabetes drugs, or blood thinners?"
REC-0420,HERB-0084,safety_interaction,How can I tell the difference between aloe leaf gel and latex when buying a product in Canada?
REC-0421,HERB-0085,herb_profile,What is tea tree oil usually used for on the skin in modern herbal practice?
REC-0421,HERB-0085,herb_profile,Is there any evidence that tea tree oil helps with acne or athlete's foot?
REC-0421,HERB-0085,herb_profile,What side effects or safety problems can happen with tea tree oil?
REC-0421,HERB-0085,herb_profile,"Why shouldn't tea tree oil be swallowed, and what can happen if someone does?"
REC-0421,HERB-0085,herb_profile,How can I tell if a tea tree oil product in Canada is the right kind to buy?
REC-0422,HERB-0085,use_case,Can tea tree oil help with mild acne or blemishes when used on the skin?
REC-0422,HERB-0085,use_case,"What do we know about the evidence for tea tree oil for acne, and is it effective enough for more serious breakouts?"
REC-0422,HERB-0085,use_case,What side effects or skin reactions can happen with tea tree oil if I put it on my face?
REC-0422,HERB-0085,use_case,"Are there any safety warnings for tea tree oil, like not using it near the eyes or on broken skin?"
REC-0422,HERB-0085,use_case,"If I’m buying tea tree oil for topical acne care in Canada, what should I look for on the label?"
REC-0423,HERB-0085,use_case,Can tea tree oil help with athlete’s foot or a fungal rash that’s itchy?
REC-0423,HERB-0085,use_case,What does the evidence say about using tea tree oil for athlete’s foot?
REC-0423,HERB-0085,use_case,"Is tea tree oil something you should only use on minor foot fungus, and when would it be a bad idea to try it yourself?"
REC-0423,HERB-0085,use_case,What side effects can tea tree oil cause when used on the skin for a fungal foot problem?
REC-0423,HERB-0085,use_case,"How should tea tree oil be used for athlete’s foot, and is it safe to swallow or use on broken skin?"
REC-0424,HERB-0085,preparation,What should I check on a tea tree oil product before buying it for topical use in Canada?
REC-0424,HERB-0085,preparation,"Is tea tree oil supposed to be used as a diluted skin product, and is it okay to make a tea or take it by mouth?"
REC-0424,HERB-0085,preparation,"What kinds of problems can tea tree oil cause if it’s used the wrong way, like skin irritation or more serious effects?"
REC-0424,HERB-0085,preparation,"Are there any areas where tea tree oil shouldn’t be put, like around the eyes, in the ears, or on broken skin?"
REC-0424,HERB-0085,preparation,"If a tea tree oil product is sold as a natural health product in Canada, does it need an NPN or some other license number?"
REC-0425,HERB-0085,safety_interaction,"Is tea tree oil safe to swallow, or can it cause poisoning?"
REC-0425,HERB-0085,safety_interaction,What side effects can tea tree oil cause when used on the skin?
REC-0425,HERB-0085,safety_interaction,"Who should avoid using tea tree oil on broken skin, near the eyes, or on sensitive areas?"
REC-0425,HERB-0085,safety_interaction,Can tea tree oil interact with other topical products or irritate the skin more if mixed with them?
REC-0425,HERB-0085,safety_interaction,What should I check on a tea tree oil product label in Canada before using it for topical purposes?
REC-0426,HERB-0086,herb_profile,What is rosemary usually used for in traditional herbal practice?
REC-0426,HERB-0086,herb_profile,"Is there any good evidence that rosemary helps with memory, pain, or hair growth?"
REC-0426,HERB-0086,herb_profile,"Can I safely take rosemary essential oil by mouth, or is that a bad idea?"
REC-0426,HERB-0086,herb_profile,"What side effects or safety concerns should I know about with rosemary, especially if I'm pregnant or have seizures?"
REC-0426,HERB-0086,herb_profile,What should I look for when buying rosemary products in Canada?
REC-0427,HERB-0086,use_case,"Can rosemary help with bloating or indigestion, and what is it traditionally used for in digestion?"
REC-0427,HERB-0086,use_case,What should I know about using rosemary as a remedy for digestive discomfort if the evidence is pretty limited?
REC-0427,HERB-0086,use_case,"Is it okay to use rosemary essential oil for stomach issues, or should I only use the leaf in food?"
REC-0427,HERB-0086,use_case,"Are there any side effects or safety concerns with rosemary, especially if someone is pregnant or has seizures?"
REC-0427,HERB-0086,use_case,"Can rosemary products interact with blood thinners, diuretics, or seizure medications?"
REC-0428,HERB-0086,use_case,Can rosemary help with hair thinning or hair loss?
REC-0428,HERB-0086,use_case,Is rosemary oil used on the scalp for hair growth?
REC-0428,HERB-0086,use_case,What does the evidence say about rosemary for thinning hair?
REC-0428,HERB-0086,use_case,"If I want to try rosemary for hair loss, should I use the herb in food or a topical product?"
REC-0428,HERB-0086,use_case,"Are there any safety concerns with rosemary oil for people who are pregnant, have seizures, or take blood thinners?"
REC-0429,HERB-0086,preparation,"What’s the safest way to use rosemary if I want to cook with it, and should the essential oil ever be swallowed?"
REC-0429,HERB-0086,preparation,"How can I tell whether a rosemary product is meant for food use or a topical product, especially when buying in Canada?"
REC-0429,HERB-0086,preparation,"What should I check on a rosemary label before buying it, like quality details or Canadian NPN information?"
REC-0429,HERB-0086,preparation,"Are there any health cautions with rosemary products if someone is pregnant, has seizures, or takes blood thinners or diuretics?"
REC-0429,HERB-0086,preparation,"What kind of problems can rosemary cause, and does the oil carry different risks than the leaf used in cooking?"
REC-0430,HERB-0086,safety_interaction,"Is rosemary essential oil safe to swallow, or can it be toxic?"
REC-0430,HERB-0086,safety_interaction,"What side effects can happen with rosemary, especially if someone has an allergy or stomach sensitivity?"
REC-0430,HERB-0086,safety_interaction,Who should be careful with rosemary during pregnancy or if they have a seizure disorder?
REC-0430,HERB-0086,safety_interaction,"Can rosemary products interact with blood thinners, diuretics, or anti-seizure medicines?"
REC-0430,HERB-0086,safety_interaction,"Is rosemary okay to use as a food herb, and when does it need professional review instead?"
REC-0431,HERB-0087,herb_profile,What is sage usually used for in European herbal practice and as a food herb?
REC-0431,HERB-0087,herb_profile,Is there any evidence that sage can help with menopausal symptoms or memory and focus?
REC-0431,HERB-0087,herb_profile,"What side effects or safety problems can happen with sage, especially if there’s a lot of thujone in it?"
REC-0431,HERB-0087,herb_profile,"Who should avoid taking sage extracts or essential oil, like during pregnancy, breastfeeding, or if they have seizures?"
REC-0431,HERB-0087,herb_profile,What should I look for when buying sage products in Canada to make sure they’re legitimate?
REC-0432,HERB-0087,use_case,Can sage help with menopausal hot flashes or night sweats?
REC-0432,HERB-0087,use_case,What does sage traditionally get used for besides hot flashes?
REC-0432,HERB-0087,use_case,Is there any real evidence that sage works for menopause symptoms?
REC-0432,HERB-0087,use_case,"Are there any safety concerns with using sage, especially during pregnancy or if you have a seizure disorder?"
REC-0432,HERB-0087,use_case,What should I look for when buying a sage product in Canada?
REC-0433,HERB-0087,use_case,"Can sage be used for a sore throat, and how is it traditionally taken?"
REC-0433,HERB-0087,use_case,Is there any good evidence that sage helps with sore throat or hoarseness?
REC-0433,HERB-0087,use_case,What symptoms with a sore throat would mean I should get medical care instead of trying sage at home?
REC-0433,HERB-0087,use_case,"Is sage safe to use during pregnancy or while breastfeeding, especially if it's an oil or high-dose product?"
REC-0433,HERB-0087,use_case,"What medicines can sage interact with, and what side effects should I watch for?"
REC-0434,HERB-0087,preparation,"How should I use sage safely if I want to cook with it, and should I avoid the essential oil?"
REC-0434,HERB-0087,preparation,"What should I check on a Canadian sage product label before buying it, like the plant name or NPN?"
REC-0434,HERB-0087,preparation,Is sage tea or a licensed extract better than just using the herb in food if I'm considering it for health reasons?
REC-0434,HERB-0087,preparation,"Who should be careful with sage, especially during pregnancy, breastfeeding, or if they have seizures?"
REC-0434,HERB-0087,preparation,"Can sage interact with medicines like anticonvulsants, diabetes drugs, or sedatives?"
REC-0435,HERB-0087,safety_interaction,Is sage safe to use medicinally if I'm pregnant or breastfeeding?
REC-0435,HERB-0087,safety_interaction,"Can sage cause any side effects like nausea, a fast heartbeat, or seizures?"
REC-0435,HERB-0087,safety_interaction,"Does sage interact with anticonvulsants, diabetes medicines, or sedatives?"
REC-0435,HERB-0087,safety_interaction,Is sage oil or other concentrated sage products risky for people with a seizure disorder?
REC-0435,HERB-0087,safety_interaction,What should I check when buying sage in Canada if I want to use it as a natural remedy?
REC-0436,HERB-0088,herb_profile,What is thyme usually used for in traditional herbal practice?
REC-0436,HERB-0088,herb_profile,Is there any evidence that thyme can help with coughs or digestive issues?
REC-0436,HERB-0088,herb_profile,"What are the main safety concerns with thyme, especially if someone uses the essential oil?"
REC-0436,HERB-0088,herb_profile,Can thyme interact with blood thinners or hormone-related medicines?
REC-0436,HERB-0088,herb_profile,How do I know if a thyme product is a proper licensed product when buying it in Canada?
REC-0437,HERB-0088,use_case,Can thyme help with an acute cough or bronchitis-type symptoms with phlegm?
REC-0437,HERB-0088,use_case,"Is thyme traditionally used for coughs, and what kind of herbal preparations has it been used in?"
REC-0437,HERB-0088,use_case,"What does the evidence say about thyme for cough relief, especially in combination products?"
REC-0437,HERB-0088,use_case,"Are there any safety concerns with thyme, like stomach upset, allergies, or essential oil toxicity?"
REC-0437,HERB-0088,use_case,"Who should be careful using thyme, such as people who are pregnant or taking anticoagulants or hormone-related medicines?"
REC-0438,HERB-0088,use_case,Can thyme help with bloating or gas after eating?
REC-0438,HERB-0088,use_case,What’s thyme traditionally used for when it comes to digestion?
REC-0438,HERB-0088,use_case,Is there any modern evidence that thyme works for indigestion or bloating?
REC-0438,HERB-0088,use_case,"Are there any safety concerns with thyme, especially if I’m pregnant or allergic to mint family plants?"
REC-0438,HERB-0088,use_case,"What kind of thyme product should I use for digestive issues, and is it okay to swallow the essential oil?"
REC-0439,HERB-0088,preparation,How should thyme be used safely if I want to cook with it or take it as a tea?
REC-0439,HERB-0088,preparation,What should I look for on a thyme product label in Canada before buying it?
REC-0439,HERB-0088,preparation,"Is it okay to swallow thyme essential oil, or can it be harmful?"
REC-0439,HERB-0088,preparation,"Who should be cautious about using thyme, especially during pregnancy or if I have a mint-family allergy?"
REC-0439,HERB-0088,preparation,Can thyme products interact with blood thinners or hormone medications?
REC-0440,HERB-0088,safety_interaction,What side effects can thyme cause if someone takes it medicinally?
REC-0440,HERB-0088,safety_interaction,"Is thyme essential oil safe to swallow, or can it be toxic?"
REC-0440,HERB-0088,safety_interaction,Who should be careful with thyme during pregnancy or if they have a mint-family allergy?
REC-0440,HERB-0088,safety_interaction,Can thyme products interact with blood thinners or hormone-related medications?
REC-0440,HERB-0088,safety_interaction,"Is thyme usually okay to use as a cooking herb, and when would a medicinal product need professional review?"
REC-0441,HERB-0089,herb_profile,"What is eucalyptus usually used for in traditional remedies, especially when someone has a cough or congestion?"
REC-0441,HERB-0089,herb_profile,Is there any modern evidence that eucalyptus inhalation or oral products actually work?
REC-0441,HERB-0089,herb_profile,What side effects or safety problems can eucalyptus cause if it’s used the wrong way?
REC-0441,HERB-0089,herb_profile,"Who should avoid eucalyptus oil, like kids, people with asthma, or anyone with seizure issues?"
REC-0441,HERB-0089,herb_profile,"If I’m buying a eucalyptus product in Canada, what should I look for on the label to make sure it’s appropriate?"
REC-0442,HERB-0089,use_case,What natural remedies are used for nasal congestion and coughing when you have a cold?
REC-0442,HERB-0089,use_case,How is eucalyptus traditionally used for stuffy nose or easier breathing?
REC-0442,HERB-0089,use_case,"Does eucalyptus actually help a cold go away faster, or is it just for symptom relief?"
REC-0442,HERB-0089,use_case,Is it safe to inhale or rub eucalyptus products on the skin for congestion?
REC-0442,HERB-0089,use_case,"What should I watch out for with eucalyptus essential oil, especially around kids or if I have asthma or seizures?"
REC-0443,HERB-0089,use_case,What might eucalyptus help with if I have a cough and chest congestion?
REC-0443,HERB-0089,use_case,"Is eucalyptus used for coughs in traditional remedies, and how is it usually prepared?"
REC-0443,HERB-0089,use_case,How strong is the modern evidence for eucalyptus for cough relief?
REC-0443,HERB-0089,use_case,"What safety problems can happen with eucalyptus oil, especially if it’s swallowed?"
REC-0443,HERB-0089,use_case,"Who should avoid eucalyptus, like kids, people with asthma, or someone with a seizure disorder?"
REC-0444,HERB-0089,preparation,How should eucalyptus oil be used safely if I’m buying a product for inhalation or skin use?
REC-0444,HERB-0089,preparation,What should I check on a Canadian eucalyptus product label before using it?
REC-0444,HERB-0089,preparation,"Can eucalyptus be taken by mouth, or is it only meant for inhaled or topical use?"
REC-0444,HERB-0089,preparation,"What are the risks or side effects of eucalyptus essential oil, especially for kids?"
REC-0444,HERB-0089,preparation,Are there any health conditions or medicines that make eucalyptus products a bad idea?
REC-0445,HERB-0089,safety_interaction,"Is eucalyptus oil safe to swallow, or can it be toxic if taken by mouth?"
REC-0445,HERB-0089,safety_interaction,"What side effects can eucalyptus cause, especially if used on the skin or breathed in?"
REC-0445,HERB-0089,safety_interaction,"Who should be careful with eucalyptus, like children, people with asthma, or anyone with seizures?"
REC-0445,HERB-0089,safety_interaction,Can eucalyptus interact with medications that are processed by the liver?
REC-0445,HERB-0089,safety_interaction,"What should I check on a eucalyptus product in Canada before using it, especially if it’s meant for inhaling or topical use?"
REC-0446,HERB-0090,herb_profile,What is marshmallow root usually used for in traditional herbal practice?
REC-0446,HERB-0090,herb_profile,"Is there good clinical evidence that marshmallow root actually works, or is it mostly based on tradition?"
REC-0446,HERB-0090,herb_profile,What side effects or safety issues can happen with marshmallow root?
REC-0446,HERB-0090,herb_profile,"Who should be careful about using marshmallow root, especially if they have trouble swallowing, diabetes, or take oral medicines?"
REC-0446,HERB-0090,herb_profile,"If I want to buy marshmallow root in Canada, what should I check on the label or product before using it?"
REC-0447,HERB-0090,use_case,What natural remedy is commonly used for a sore throat and throat irritation?
REC-0447,HERB-0090,use_case,Can marshmallow root help with a dry cough or that scratchy feeling in the throat?
REC-0447,HERB-0090,use_case,What is marshmallow root traditionally used for when your throat feels irritated or swallowing is uncomfortable?
REC-0447,HERB-0090,use_case,How strong is the modern evidence for marshmallow root as a sore throat remedy?
REC-0447,HERB-0090,use_case,"Are there any cautions or side effects with using marshmallow root for a sore throat, especially if you take oral medicines?"
REC-0448,HERB-0090,use_case,What might marshmallow root help with if I have mild heartburn or stomach irritation?
REC-0448,HERB-0090,use_case,Is marshmallow root traditionally used to soothe the throat or digestive tract?
REC-0448,HERB-0090,use_case,What does the evidence say about marshmallow root for digestive irritation?
REC-0448,HERB-0090,use_case,Are there any side effects or safety concerns with using marshmallow root?
REC-0448,HERB-0090,use_case,Can marshmallow root affect how other oral medicines are absorbed or timed?
REC-0449,HERB-0090,preparation,How should marshmallow root be prepared if I want to use it as a tea or cold infusion?
REC-0449,HERB-0090,preparation,What should I check on a Canadian marshmallow root product before buying it?
REC-0449,HERB-0090,preparation,Does marshmallow root need an NPN or DIN-HM to be sold legally in Canada?
REC-0449,HERB-0090,preparation,Can marshmallow root slow down the absorption of prescription or other oral medicines?
REC-0449,HERB-0090,preparation,"Who should be careful about using marshmallow root, especially if they have trouble swallowing, diabetes, or a risk of choking?"
REC-0450,HERB-0090,safety_interaction,What side effects or allergic reactions can happen with marshmallow root?
REC-0450,HERB-0090,safety_interaction,"Is marshmallow root safe if someone has trouble swallowing, diabetes, or takes medicines by mouth?"
REC-0450,HERB-0090,safety_interaction,"Can marshmallow root interfere with other oral medications, and should it be taken at a different time?"
REC-0450,HERB-0090,safety_interaction,"Who should get professional advice before using marshmallow root, especially around pregnancy or surgery?"
REC-0450,HERB-0090,safety_interaction,What should I check on a Canadian marshmallow root product to make sure it's a legitimate supplement?
REC-0451,HERB-0091,herb_profile,What is slippery elm usually used for in traditional herbal practice?
REC-0451,HERB-0091,herb_profile,Is there good modern evidence that slippery elm works for throat or digestive irritation?
REC-0451,HERB-0091,herb_profile,What are the main safety concerns or side effects of slippery elm?
REC-0451,HERB-0091,herb_profile,"Are there any situations where I should avoid slippery elm, like pregnancy or swallowing problems?"
REC-0451,HERB-0091,herb_profile,"How should I choose a slippery elm product in Canada, and what should I look for on the label?"
REC-0452,HERB-0091,use_case,What might slippery elm help with if I have a sore throat and a dry cough?
REC-0452,HERB-0091,use_case,How is slippery elm traditionally used for throat irritation?
REC-0452,HERB-0091,use_case,Is there good clinical evidence that slippery elm works for hoarseness or sore throat?
REC-0452,HERB-0091,use_case,Are there any safety concerns with using slippery elm if I have trouble swallowing or take oral medicines?
REC-0452,HERB-0091,use_case,What should I look for when buying slippery elm in Canada?
REC-0453,HERB-0091,use_case,"What might help with heartburn or stomach irritation that has a soothing, mucilage-like effect?"
REC-0453,HERB-0091,use_case,"Is slippery elm used for calming digestive tract irritation, and what does traditional use say about it?"
REC-0453,HERB-0091,use_case,How strong is the modern evidence for slippery elm for digestive discomfort?
REC-0453,HERB-0091,use_case,"Are there any safety concerns with slippery elm if someone has trouble swallowing, bowel blockage, or is pregnant?"
REC-0453,HERB-0091,use_case,Can slippery elm interfere with oral medications or affect how they’re absorbed?
REC-0454,HERB-0091,preparation,"How is slippery elm usually prepared into a form you can actually use, like a powder slurry or lozenge?"
REC-0454,HERB-0091,preparation,What should I check on a slippery elm product before buying it in Canada?
REC-0454,HERB-0091,preparation,"Is slippery elm supposed to be taken with plenty of fluid, and should it be separated from other medicines?"
REC-0454,HERB-0091,preparation,What safety issues can happen if slippery elm is prepared wrong or used by someone with trouble swallowing?
REC-0454,HERB-0091,preparation,"Are there any situations where I should be careful using slippery elm, like pregnancy, bowel obstruction, or if I'm taking oral medications?"
REC-0455,HERB-0091,safety_interaction,"Is slippery elm safe if someone has trouble swallowing, or could it cause choking?"
REC-0455,HERB-0091,safety_interaction,Can slippery elm affect prescription or over-the-counter oral medicines?
REC-0455,HERB-0091,safety_interaction,What side effects or problems can happen with slippery elm use?
REC-0455,HERB-0091,safety_interaction,Should people avoid slippery elm during pregnancy or if they might have a bowel blockage?
REC-0455,HERB-0091,safety_interaction,What should I check when buying slippery elm in Canada to make sure it's a good product?
REC-0456,HERB-0092,herb_profile,What is stinging nettle leaf usually used for in traditional herbal practice?
REC-0456,HERB-0092,herb_profile,"Is there much evidence that stinging nettle leaf helps with hay fever, arthritis, or urinary problems?"
REC-0456,HERB-0092,herb_profile,"What side effects can happen with stinging nettle leaf, especially if you touch the fresh plant or take it by mouth?"
REC-0456,HERB-0092,herb_profile,Are there any health conditions or medicines that mean I should be careful with stinging nettle leaf?
REC-0456,HERB-0092,herb_profile,How can I tell if a stinging nettle product is the right leaf product when buying it in Canada?
REC-0457,HERB-0092,use_case,Can stinging nettle leaf help with seasonal allergy symptoms like sneezing and a runny nose?
REC-0457,HERB-0092,use_case,What do we know about the evidence for using nettle leaf for allergic rhinitis?
REC-0457,HERB-0092,use_case,Is it safe to try stinging nettle leaf for allergies if I also have asthma or might have a severe allergic reaction?
REC-0457,HERB-0092,use_case,"What side effects can happen with stinging nettle leaf, especially if I use fresh leaves or take it by mouth?"
REC-0457,HERB-0092,use_case,"Are there any health conditions or medicines that make stinging nettle leaf a bad idea, like pregnancy, kidney problems, blood pressure meds, or diuretics?"
REC-0458,HERB-0092,use_case,"What might help with mild joint pain and stiffness, like stinging nettle leaf?"
REC-0458,HERB-0092,use_case,Is stinging nettle leaf traditionally used for swollen or achy joints?
REC-0458,HERB-0092,use_case,What does the evidence say about using Urtica dioica for joint discomfort?
REC-0458,HERB-0092,use_case,Are there any side effects or safety concerns with taking stinging nettle leaf for joints?
REC-0458,HERB-0092,use_case,"Who should be careful about using stinging nettle leaf, especially if they’re pregnant or take medicines like diuretics or blood pressure drugs?"
REC-0459,HERB-0092,preparation,How should stinging nettle leaf be prepared if I want to use it as food or in an herbal product?
REC-0459,HERB-0092,preparation,What should I check on a Canadian nettle leaf product to make sure I'm buying the right one?
REC-0459,HERB-0092,preparation,"Are leaf and root products from stinging nettle meant to be used the same way, or are they different?"
REC-0459,HERB-0092,preparation,"What side effects can happen from stinging nettle leaf, especially if I use the fresh plant or take it by mouth?"
REC-0459,HERB-0092,preparation,"Who should be careful about using stinging nettle leaf, and what medicines can it interact with?"
REC-0460,HERB-0092,safety_interaction,Is stinging nettle leaf safe to use if someone is pregnant?
REC-0460,HERB-0092,safety_interaction,What side effects can nettle leaf products cause when taken by mouth?
REC-0460,HERB-0092,safety_interaction,"Could stinging nettle leaf interact with water pills, blood pressure meds, diabetes medicines, or blood thinners?"
REC-0460,HERB-0092,safety_interaction,"Who should be careful or avoid using nettle leaf because of conditions like kidney disease, low blood pressure, or diabetes?"
REC-0460,HERB-0092,safety_interaction,"Is it okay to use stinging nettle leaf as food, or does medicinal use need a medication check first?"
REC-0461,HERB-0093,herb_profile,What is burdock root usually used for in traditional herbal practice?
REC-0461,HERB-0093,herb_profile,Is there any solid clinical evidence that burdock root helps as a medicine?
REC-0461,HERB-0093,herb_profile,What safety issues should I know about before using burdock root as a food or herbal remedy?
REC-0461,HERB-0093,herb_profile,Can burdock root affect diabetes medicines or diuretics?
REC-0461,HERB-0093,herb_profile,How do I tell if a burdock root product is the real thing and safe to buy in Canada?
REC-0462,HERB-0093,use_case,Can burdock root help with digestive fiber support or bowel regularity when used as food?
REC-0462,HERB-0093,use_case,"How is burdock root traditionally used, and is it more of a vegetable than a detox remedy?"
REC-0462,HERB-0093,use_case,"What are the possible side effects or cautions with burdock root, especially if someone has diabetes or an Asteraceae allergy?"
REC-0462,HERB-0093,use_case,Could burdock root interact with diabetes medications or diuretics?
REC-0462,HERB-0093,use_case,What should I look for when buying burdock root in Canada to make sure it's the real Arctium lappa root and food-grade?
REC-0463,HERB-0093,use_case,What might burdock root be used for if someone has acne or eczema?
REC-0463,HERB-0093,use_case,"Is burdock root actually proven to help with skin problems, or is the evidence still weak?"
REC-0463,HERB-0093,use_case,People say burdock root can ‘detox’ the skin — is that a real use or just a folk claim?
REC-0463,HERB-0093,use_case,Are there any risks or side effects from using burdock root for skin complaints?
REC-0463,HERB-0093,use_case,"Who should be careful about using burdock root, especially if they’re pregnant, have diabetes, or have an Asteraceae allergy?"
REC-0464,HERB-0093,preparation,How do I make sure burdock root is the right species before I buy it?
REC-0464,HERB-0093,preparation,"What should I check on a burdock root product in Canada, especially if it's an extract?"
REC-0464,HERB-0093,preparation,"Is burdock root just a food, or is it also sold for medicinal use?"
REC-0464,HERB-0093,preparation,Are there any safety concerns or side effects with using burdock root?
REC-0464,HERB-0093,preparation,Can burdock root interact with diabetes medicines or diuretics?
REC-0465,HERB-0093,safety_interaction,Is burdock root safe to take if you have diabetes or are on blood sugar medicine?
REC-0465,HERB-0093,safety_interaction,"Can burdock root interact with diuretics or other medicines, and what should I watch for?"
REC-0465,HERB-0093,safety_interaction,Who should avoid burdock root because of pregnancy or an Asteraceae allergy?
REC-0465,HERB-0093,safety_interaction,What are the possible side effects or risks from using burdock root medicinally?
REC-0465,HERB-0093,safety_interaction,How can I tell if a burdock root product is the real Arctium lappa root and safe to buy in Canada?
REC-0466,HERB-0094,herb_profile,What is red clover and what part of the plant is usually used in herbal products?
REC-0466,HERB-0094,herb_profile,I've heard red clover is used for menopause—what is it traditionally used for and why?
REC-0466,HERB-0094,herb_profile,How strong is the evidence that red clover helps with hot flashes or bone health?
REC-0466,HERB-0094,herb_profile,What side effects or safety concerns should I know about before using red clover?
REC-0466,HERB-0094,herb_profile,"If I'm buying red clover in Canada, what should I check on the label or package?"
REC-0467,HERB-0094,use_case,What natural remedy is sometimes used for menopausal hot flashes and night sweats?
REC-0467,HERB-0094,use_case,"Is red clover actually effective for menopause symptoms, or is the evidence mixed?"
REC-0467,HERB-0094,use_case,What should I check before using red clover if I have a history of hormone-sensitive issues or unexplained bleeding?
REC-0467,HERB-0094,use_case,"Are there any side effects or safety concerns with red clover, especially around bleeding or surgery?"
REC-0467,HERB-0094,use_case,"Can red clover interact with medications like blood thinners, hormone therapy, or tamoxifen?"
REC-0468,HERB-0094,use_case,Could red clover help with postmenopausal bone loss or low bone density?
REC-0468,HERB-0094,use_case,"Is there any good evidence that red clover supports bone health, or is it still uncertain?"
REC-0468,HERB-0094,use_case,Why is red clover sometimes used for bone health in menopausal women?
REC-0468,HERB-0094,use_case,What side effects should I watch for if someone takes red clover for bone health?
REC-0468,HERB-0094,use_case,"Who should avoid red clover, and are there any medicine interactions or surgery concerns?"
REC-0469,HERB-0094,preparation,How should I check a red clover product before using it medicinally?
REC-0469,HERB-0094,preparation,What should I look for on a Canadian red clover supplement label to make sure it's a legitimate product?
REC-0469,HERB-0094,preparation,Is red clover safe to use if I'm pregnant or have a hormone-sensitive condition?
REC-0469,HERB-0094,preparation,"Can red clover interact with blood thinners, hormone therapy, or tamoxifen?"
REC-0469,HERB-0094,preparation,"Why is red clover usually sold as a standardized extract, and what kind of health issues is it traditionally used for?"
REC-0470,HERB-0094,safety_interaction,Is red clover safe to use if I'm pregnant?
REC-0470,HERB-0094,safety_interaction,"What side effects can red clover cause, like spotting or bleeding?"
REC-0470,HERB-0094,safety_interaction,Can red clover interact with blood thinners or antiplatelet medicines?
REC-0470,HERB-0094,safety_interaction,Should red clover be avoided if someone has a hormone-sensitive condition or is taking hormone therapy or tamoxifen?
REC-0470,HERB-0094,safety_interaction,"Is it okay to use red clover without medical supervision, or does it need professional review?"
REC-0471,HERB-0095,herb_profile,What is evening primrose oil usually used for in herbal practice?
REC-0471,HERB-0095,herb_profile,How strong is the evidence for evening primrose oil for eczema and other common uses?
REC-0471,HERB-0095,herb_profile,What side effects or safety concerns should I know about with evening primrose oil?
REC-0471,HERB-0095,herb_profile,Is evening primrose oil safe to use during pregnancy or before surgery?
REC-0471,HERB-0095,herb_profile,What should I look for when buying evening primrose oil in Canada?
REC-0472,HERB-0095,use_case,"Can evening primrose oil help with eczema or itchy, dry skin?"
REC-0472,HERB-0095,use_case,What does the evidence say about using evening primrose oil for eczema?
REC-0472,HERB-0095,use_case,Is evening primrose oil commonly used for skin problems like eczema in herbal practice?
REC-0472,HERB-0095,use_case,What side effects or risks should I know about before trying evening primrose oil for eczema?
REC-0472,HERB-0095,use_case,Are there any medications or health conditions that make evening primrose oil a bad idea?
REC-0473,HERB-0095,use_case,What might help with cyclical breast pain around PMS or the menstrual cycle?
REC-0473,HERB-0095,use_case,"Is evening primrose oil used for breast pain, and what kind of evidence is there for it?"
REC-0473,HERB-0095,use_case,"Are there any warning signs with cyclical mastalgia, like a new breast lump or nipple discharge, that should be checked by a doctor?"
REC-0473,HERB-0095,use_case,What side effects or safety concerns can come with evening primrose oil?
REC-0473,HERB-0095,use_case,"Who should be careful about taking evening primrose oil, especially if they're pregnant, have a bleeding disorder or epilepsy, or are having surgery?"
REC-0474,HERB-0095,preparation,How do I tell if an evening primrose oil product is a properly licensed one before buying it?
REC-0474,HERB-0095,preparation,What should I check on the label when purchasing evening primrose oil in Canada?
REC-0474,HERB-0095,preparation,"Is it enough to choose a traditional evening primrose oil recipe, or do I also need to verify the botanical identity and product quality?"
REC-0474,HERB-0095,preparation,"What kind of evening primrose oil form is recommended for self-use, and should I get professional advice first?"
REC-0474,HERB-0095,preparation,What safety issues or medication interactions should I know about before using evening primrose oil?
REC-0475,HERB-0095,safety_interaction,What are the main side effects people should watch for with evening primrose oil?
REC-0475,HERB-0095,safety_interaction,Is evening primrose oil safe to use during pregnancy or before surgery?
REC-0475,HERB-0095,safety_interaction,What medicines can evening primrose oil interact with?
REC-0475,HERB-0095,safety_interaction,Should someone with a bleeding disorder or epilepsy avoid evening primrose oil?
REC-0475,HERB-0095,safety_interaction,What should I check on a Canadian evening primrose oil product before buying it?
REC-0476,HERB-0096,herb_profile,"What is devil's claw, and what part of the plant is usually used for herbal products?"
REC-0476,HERB-0096,herb_profile,What kinds of traditional uses does devil's claw have in African and European herbal medicine?
REC-0476,HERB-0096,herb_profile,Is there any evidence that devil's claw can help with osteoarthritis or low back pain?
REC-0476,HERB-0096,herb_profile,What side effects or safety concerns should I know about before using devil's claw?
REC-0476,HERB-0096,herb_profile,"If I want to buy devil's claw in Canada, what should I check on the label to make sure it's a legit product?"
REC-0477,HERB-0096,use_case,Can devil's claw help with osteoarthritis pain or stiff joints?
REC-0477,HERB-0096,use_case,What do people traditionally use Devil's claw for besides joint pain?
REC-0477,HERB-0096,use_case,Is there any evidence that Devil's claw gives real relief for osteoarthritis symptoms?
REC-0477,HERB-0096,use_case,What should I know about side effects or safety issues before trying devil's claw?
REC-0477,HERB-0096,use_case,"Can Devil's claw interact with blood thinners, diabetes meds, or blood pressure medicine?"
REC-0478,HERB-0096,use_case,Can devil's claw help with low back pain or stiffness?
REC-0478,HERB-0096,use_case,What does the evidence say about using Devil's claw for nonspecific back pain?
REC-0478,HERB-0096,use_case,"Is Devil's claw safe to use if someone has ulcers, gallstones, or is pregnant?"
REC-0478,HERB-0096,use_case,What side effects can Devil's claw cause when used for back pain?
REC-0478,HERB-0096,use_case,"Can Devil's claw interact with blood thinners, diabetes meds, or blood pressure medicines?"
REC-0479,HERB-0096,preparation,How should I check if a devil's claw product is a proper extract and not just an ordinary herbal preparation?
REC-0479,HERB-0096,preparation,What should I look for on a Canadian devil's claw supplement label before buying it?
REC-0479,HERB-0096,preparation,Is there any difference between a traditional recipe and a licensed devil's claw product when it comes to effectiveness?
REC-0479,HERB-0096,preparation,"What safety issues should I know about before using devil's claw, especially with stomach problems or heart rhythm concerns?"
REC-0479,HERB-0096,preparation,"Which medicines can devil's claw interact with, like blood thinners, diabetes meds, or blood pressure drugs?"
REC-0480,HERB-0096,safety_interaction,What side effects can happen with devil's claw?
REC-0480,HERB-0096,safety_interaction,Who should avoid using Devil's claw unless they get professional advice first?
REC-0480,HERB-0096,safety_interaction,Does devil's claw interact with blood thinners or other common medicines?
REC-0480,HERB-0096,safety_interaction,Is devil's claw safe to use during pregnancy?
REC-0480,HERB-0096,safety_interaction,What should I check on a Canadian Devil's claw product before buying it?
REC-0481,HERB-0097,herb_profile,What is Boswellia (ru xiang) usually used for in traditional medicine?
REC-0481,HERB-0097,herb_profile,Is there any evidence that Boswellia helps with osteoarthritis pain or inflammation?
REC-0481,HERB-0097,herb_profile,What side effects can Boswellia cause if someone takes it as a supplement?
REC-0481,HERB-0097,herb_profile,"Who should be careful about using Boswellia, like during pregnancy or before surgery?"
REC-0481,HERB-0097,herb_profile,"If I’m buying a Boswellia product in Canada, what should I look for on the label to make sure it’s the real thing?"
REC-0482,HERB-0097,use_case,Could Boswellia help with osteoarthritis joint pain and stiffness?
REC-0482,HERB-0097,use_case,What do we know about Boswellia for inflammatory joint symptoms from traditional use and modern studies?
REC-0482,HERB-0097,use_case,"Is Boswellia meant to be used on its own for osteoarthritis, or just as extra support?"
REC-0482,HERB-0097,use_case,What side effects or stomach problems can Boswellia cause?
REC-0482,HERB-0097,use_case,"Who should be careful about using Boswellia, especially if they’re pregnant, having surgery, or taking blood thinners?"
REC-0483,HERB-0097,use_case,"Can Boswellia help with inflammatory bowel symptoms like IBD or belly pain, and what does the evidence say?"
REC-0483,HERB-0097,use_case,Is Boswellia traditionally used for inflammatory bowel disease or other inflammation-related problems?
REC-0483,HERB-0097,use_case,"Is it safe to try Boswellia on my own for IBD, or should I avoid stopping my prescribed treatment?"
REC-0483,HERB-0097,use_case,"What side effects or precautions should I know about before using Boswellia, especially if I'm pregnant or have a bleeding issue?"
REC-0483,HERB-0097,use_case,"Could Boswellia interact with medicines like blood thinners, NSAIDs, or immune-suppressing drugs?"
REC-0484,HERB-0097,preparation,What kind of Boswellia product should I look for if I want to buy it as a supplement?
REC-0484,HERB-0097,preparation,"Can I use raw incense resin from Boswellia as medicine, or does it need to be a processed product?"
REC-0484,HERB-0097,preparation,What should I check on a Boswellia label in Canada to make sure it's a legit natural health product?
REC-0484,HERB-0097,preparation,Are there any side effects or safety issues with Boswellia resin extract?
REC-0484,HERB-0097,preparation,"Who should be careful about using Boswellia, especially if they're pregnant, have stomach irritation, or take blood thinners?"
REC-0485,HERB-0097,safety_interaction,Is Boswellia safe to take if someone is pregnant?
REC-0485,HERB-0097,safety_interaction,What side effects can Boswellia cause?
REC-0485,HERB-0097,safety_interaction,"Can Boswellia interact with blood thinners, NSAIDs, or immune-modifying medicines?"
REC-0485,HERB-0097,safety_interaction,Should Boswellia be used with caution if you have gastritis or a bleeding disorder?
REC-0485,HERB-0097,safety_interaction,Do you need to check with a clinician or pharmacist before using Boswellia before surgery?
REC-0486,HERB-0098,herb_profile,What is ashwagandha usually used for in Ayurveda?
REC-0486,HERB-0098,herb_profile,Is there any evidence that ashwagandha can help with stress or sleep?
REC-0486,HERB-0098,herb_profile,What side effects or safety problems can happen with ashwagandha?
REC-0486,HERB-0098,herb_profile,"Who should avoid taking ashwagandha, like people who are pregnant or have thyroid issues?"
REC-0486,HERB-0098,herb_profile,What should I look for when buying an ashwagandha supplement in Canada?
REC-0487,HERB-0098,use_case,"What natural remedy is commonly used for stress and mild anxiety, and does ashwagandha have any evidence for helping with that?"
REC-0487,HERB-0098,use_case,"How is ashwagandha traditionally used for things like stress, sleep, fatigue, or feeling weak?"
REC-0487,HERB-0098,use_case,What side effects or risks should I know about before trying ashwagandha for anxiety or tension?
REC-0487,HERB-0098,use_case,"Who should avoid ashwagandha, especially if they’re pregnant, have thyroid issues, or are having surgery soon?"
REC-0487,HERB-0098,use_case,"Can ashwagandha interact with medications like sedatives, thyroid medicine, or blood pressure drugs?"
REC-0488,HERB-0098,use_case,Can ashwagandha help if I have trouble falling asleep or staying asleep?
REC-0488,HERB-0098,use_case,What’s the traditional use of Ashwagandha for sleep and restoration?
REC-0488,HERB-0098,use_case,How strong is the evidence that Ashwagandha improves sleep?
REC-0488,HERB-0098,use_case,What side effects or warning signs should I watch for if I use Ashwagandha for insomnia?
REC-0488,HERB-0098,use_case,"Who should avoid Ashwagandha, and does it interact with things like sedatives, thyroid medicine, or blood pressure pills?"
REC-0489,HERB-0098,preparation,What should I check before buying ashwagandha in Canada so I know it's a good product?
REC-0489,HERB-0098,preparation,"How can I tell whether an ashwagandha product is a root extract or includes the leaf, and why does that matter?"
REC-0489,HERB-0098,preparation,Are there any special safety warnings for using ashwagandha if I have thyroid or liver issues?
REC-0489,HERB-0098,preparation,"Can ashwagandha interact with medicines like sedatives, blood pressure drugs, or diabetes medications?"
REC-0489,HERB-0098,preparation,"What kind of ashwagandha preparation is this record talking about, and how is it supposed to be used?"
REC-0490,HERB-0098,safety_interaction,"What side effects can ashwagandha cause, especially if I get drowsy or stomach upset from it?"
REC-0490,HERB-0098,safety_interaction,Is ashwagandha safe to take during pregnancy or while breastfeeding?
REC-0490,HERB-0098,safety_interaction,"Who should avoid ashwagandha because of things like autoimmune disease, thyroid problems, liver disease, or surgery plans?"
REC-0490,HERB-0098,safety_interaction,"Can ashwagandha interact with medicines like sedatives, thyroid medication, immunosuppressants, diabetes drugs, or blood-pressure meds?"
REC-0490,HERB-0098,safety_interaction,"What should I check on the label when buying an ashwagandha product in Canada, like whether it’s root or leaf and if it has an NPN?"
REC-0491,HERB-0099,herb_profile,"What is Rhodiola traditionally used for, and what kinds of problems is it marketed for today?"
REC-0491,HERB-0099,herb_profile,"How strong is the evidence that Rhodiola helps with fatigue, stress, or depression?"
REC-0491,HERB-0099,herb_profile,"What side effects can happen with Rhodiola, and who should be careful about using it?"
REC-0491,HERB-0099,herb_profile,"Does Rhodiola interact with antidepressants, stimulants, blood pressure medicines, or diabetes medicines?"
REC-0491,HERB-0099,herb_profile,What should I check on the label when buying a Rhodiola product in Canada?
REC-0492,HERB-0099,use_case,What is Rhodiola traditionally used for if someone has fatigue or burnout?
REC-0492,HERB-0099,use_case,Does Rhodiola have good evidence for helping with low energy or mental performance?
REC-0492,HERB-0099,use_case,Are there any side effects or risks I should know about with Rhodiola?
REC-0492,HERB-0099,use_case,"Who should be careful about using Rhodiola, especially if they have bipolar disorder, insomnia, or high blood pressure?"
REC-0492,HERB-0099,use_case,"Can Rhodiola interact with antidepressants, stimulants, blood pressure meds, or diabetes medicines?"
REC-0493,HERB-0099,use_case,Could rhodiola help with stress-related low mood or anxiety?
REC-0493,HERB-0099,use_case,"What is rhodiola traditionally used for besides mood, like fatigue or endurance?"
REC-0493,HERB-0099,use_case,"What side effects can happen with Rhodiola, such as trouble sleeping or feeling jittery?"
REC-0493,HERB-0099,use_case,"Are there any health conditions or situations where I should be careful with Rhodiola, like bipolar disorder or pregnancy?"
REC-0493,HERB-0099,use_case,"Can Rhodiola interact with antidepressants, stimulants, blood pressure meds, or diabetes medicines?"
REC-0494,HERB-0099,preparation,How should I choose a Rhodiola product if I want a licensed herbal supplement?
REC-0494,HERB-0099,preparation,What should I check on a Rhodiola label when buying it in Canada?
REC-0494,HERB-0099,preparation,Is there a difference between a standard extract and a traditional recipe when it comes to how well Rhodiola works?
REC-0494,HERB-0099,preparation,"What kinds of side effects can Rhodiola cause, especially if it feels stimulating?"
REC-0494,HERB-0099,preparation,"Who should be careful about using Rhodiola, and what medicines can it interact with?"
REC-0495,HERB-0099,safety_interaction,What side effects can Rhodiola cause if someone takes it?
REC-0495,HERB-0099,safety_interaction,Is Rhodiola safe to use during pregnancy or if you have bipolar disorder?
REC-0495,HERB-0099,safety_interaction,"Can Rhodiola affect antidepressants, stimulants, blood pressure meds, or diabetes medications?"
REC-0495,HERB-0099,safety_interaction,Should I be careful with Rhodiola if I have insomnia or high blood pressure?
REC-0495,HERB-0099,safety_interaction,What should someone check before using a Rhodiola supplement on their own?
REC-0496,HERB-0100,herb_profile,"What is holy basil usually used for in Ayurveda, especially as a food, tea, or tonic?"
REC-0496,HERB-0100,herb_profile,"Is there any real evidence that holy basil can help with stress, anxiety, blood sugar, or infections?"
REC-0496,HERB-0100,herb_profile,What side effects or safety issues should I know about before using holy basil?
REC-0496,HERB-0100,herb_profile,"Who should avoid holy basil, like during pregnancy, before surgery, or if they have a bleeding disorder?"
REC-0496,HERB-0100,herb_profile,What should I check when buying holy basil products in Canada so I know it's the right one?
REC-0497,HERB-0100,use_case,Could holy basil help with stress or mild anxiety?
REC-0497,HERB-0100,use_case,What is holy basil traditionally used for when someone feels tense or stressed out?
REC-0497,HERB-0100,use_case,Is there any modern evidence that holy basil may help with stress?
REC-0497,HERB-0100,use_case,"Are there any safety concerns with using holy basil for stress, like nausea or low blood sugar?"
REC-0497,HERB-0100,use_case,"Who should avoid holy basil or get medical advice first, especially during pregnancy or before surgery?"
REC-0498,HERB-0100,use_case,Can holy basil help with blood sugar or type 2 diabetes support?
REC-0498,HERB-0100,use_case,Is holy basil used traditionally for metabolic health or as a tonic in Ayurveda?
REC-0498,HERB-0100,use_case,"What side effects or risks can happen with holy basil, especially for blood glucose?"
REC-0498,HERB-0100,use_case,"Who should avoid taking holy basil in medicinal amounts, like during pregnancy or before surgery?"
REC-0498,HERB-0100,use_case,"Does holy basil interact with diabetes meds, blood thinners, or blood-pressure medicines?"
REC-0499,HERB-0100,preparation,What should I check when buying holy basil in Canada so I know it's a proper product?
REC-0499,HERB-0100,preparation,"Is holy basil better as a food, tea, or a concentrated extract if I just want a lower-risk option?"
REC-0499,HERB-0100,preparation,"What information should I verify on a holy basil label, like the plant name or NPN, before using it?"
REC-0499,HERB-0100,preparation,Are there any safety concerns with taking holy basil as a medicinal product instead of just using it in tea or food?
REC-0499,HERB-0100,preparation,"Who should avoid medicinal amounts of holy basil, and what medicines can it interact with?"
REC-0500,HERB-0100,safety_interaction,Is holy basil safe to take if I'm on blood thinners or antiplatelet meds?
REC-0500,HERB-0100,safety_interaction,Can holy basil affect blood sugar or interact with diabetes medicines?
REC-0500,HERB-0100,safety_interaction,Should holy basil be avoided during pregnancy or while trying to get pregnant?
REC-0500,HERB-0100,safety_interaction,"Is it okay to use holy basil before surgery, or could it increase bleeding?"
REC-0500,HERB-0100,safety_interaction,What side effects or safety issues have been reported with holy basil tea or supplements?
